method,method_dir,ratio,seed,val_selected_threshold,val_selected_val_dice,test_fixed_dice,test_val_selected_dice,test_mean_sample_dice
sparse_unet,/home/guoheng/custom_simulation/WM/runs/sparse_baseline_core_20260701/r128_wrench_temporal_cnn_sparse_unet,0.25,20260701,0.675000011920929,0.6745561073771584,0.6502787795084273,0.650649736593273,0.6353578316037682
world_unet,/home/guoheng/custom_simulation/runs/wrench_temporal_cnn_world_20260622/r128_wrench_temporal_cnn_world_unet,0.25,20260701,0.7749999761581421,0.6830722192090074,0.649887117104004,0.6582344444991547,0.6361183081451008
world_curve_unet,/home/guoheng/custom_simulation/runs/wrench_temporal_cnn_world_20260622/r128_wrench_temporal_cnn_world_curve_unet,0.25,20260701,0.42500001192092896,0.6848836445805707,0.6640918513234181,0.664687591196804,0.6489537828422205
sparse_unet,/home/guoheng/custom_simulation/WM/runs/sparse_baseline_core_20260701/r128_wrench_temporal_cnn_sparse_unet,0.25,20260702,0.675000011920929,0.676020370817105,0.6482413963793625,0.6485547414135475,0.638076707977727
world_unet,/home/guoheng/custom_simulation/runs/wrench_temporal_cnn_world_20260622/r128_wrench_temporal_cnn_world_unet,0.25,20260702,0.7749999761581421,0.6841218526096345,0.647334664732721,0.6556119932932242,0.6375060974135849
world_curve_unet,/home/guoheng/custom_simulation/runs/wrench_temporal_cnn_world_20260622/r128_wrench_temporal_cnn_world_curve_unet,0.25,20260702,0.44999998807907104,0.6909868767249804,0.6597352266952329,0.660408839259562,0.648254698596235
sparse_unet,/home/guoheng/custom_simulation/WM/runs/sparse_baseline_core_20260701/r128_wrench_temporal_cnn_sparse_unet,0.25,20260703,0.6499999761581421,0.6770855305953607,0.6475773509207208,0.6478844344747628,0.6363822538784849
world_unet,/home/guoheng/custom_simulation/runs/wrench_temporal_cnn_world_20260622/r128_wrench_temporal_cnn_world_unet,0.25,20260703,0.800000011920929,0.686638734488651,0.6434997143589803,0.6539715804433517,0.6283501175411474
world_curve_unet,/home/guoheng/custom_simulation/runs/wrench_temporal_cnn_world_20260622/r128_wrench_temporal_cnn_world_curve_unet,0.25,20260703,0.5,0.6940749324270796,0.6623872708269005,0.6623872708269005,0.643194438622523
sparse_unet,/home/guoheng/custom_simulation/WM/runs/sparse_baseline_core_20260701/r128_wrench_temporal_cnn_sparse_unet,0.25,20260704,0.6499999761581421,0.6733498919731846,0.6484086401579879,0.6478391140466263,0.6354916369004406
world_unet,/home/guoheng/custom_simulation/runs/wrench_temporal_cnn_world_20260622/r128_wrench_temporal_cnn_world_unet,0.25,20260704,0.7749999761581421,0.6871177942269105,0.6528936092500084,0.6615655010089728,0.6394194437896035
world_curve_unet,/home/guoheng/custom_simulation/runs/wrench_temporal_cnn_world_20260622/r128_wrench_temporal_cnn_world_curve_unet,0.25,20260704,0.42500001192092896,0.6855090374269717,0.6601295943370542,0.6604791736297388,0.6425179612083919
sparse_unet,/home/guoheng/custom_simulation/WM/runs/sparse_baseline_core_20260701/r128_wrench_temporal_cnn_sparse_unet,0.25,20260705,0.675000011920929,0.6769039043493363,0.6504126766586396,0.650283600476331,0.6382360631170976
world_unet,/home/guoheng/custom_simulation/runs/wrench_temporal_cnn_world_20260622/r128_wrench_temporal_cnn_world_unet,0.25,20260705,0.7749999761581421,0.6856048830666489,0.6426042046564158,0.6528647850975238,0.6315217994930552
world_curve_unet,/home/guoheng/custom_simulation/runs/wrench_temporal_cnn_world_20260622/r128_wrench_temporal_cnn_world_curve_unet,0.25,20260705,0.4749999940395355,0.6994367536381364,0.6620863240390286,0.6623192027514838,0.649165074451532
sparse_unet,/home/guoheng/custom_simulation/WM/runs/sparse_baseline_core_20260701/r128_wrench_temporal_cnn_sparse_unet,0.5,20260701,0.6499999761581421,0.706549680675561,0.6841471311921753,0.6840795918060997,0.6711966235651694
world_unet,/home/guoheng/custom_simulation/runs/wrench_temporal_cnn_world_20260622/r128_wrench_temporal_cnn_world_unet,0.5,20260701,0.675000011920929,0.7529579348425781,0.734427580433198,0.7357607344856432,0.7151276756771217
world_curve_unet,/home/guoheng/custom_simulation/runs/wrench_temporal_cnn_world_20260622/r128_wrench_temporal_cnn_world_curve_unet,0.5,20260701,0.625,0.7681842261946621,0.7324332842520296,0.7314053645934537,0.7231634896899456
sparse_unet,/home/guoheng/custom_simulation/WM/runs/sparse_baseline_core_20260701/r128_wrench_temporal_cnn_sparse_unet,0.5,20260702,0.6499999761581421,0.7095564015395749,0.6806733278617773,0.6808320185421431,0.6722155091026846
world_unet,/home/guoheng/custom_simulation/runs/wrench_temporal_cnn_world_20260622/r128_wrench_temporal_cnn_world_unet,0.5,20260702,0.675000011920929,0.7531853618520402,0.7352286491843508,0.7365504979054392,0.7172752697574039
world_curve_unet,/home/guoheng/custom_simulation/runs/wrench_temporal_cnn_world_20260622/r128_wrench_temporal_cnn_world_curve_unet,0.5,20260702,0.625,0.767534827377347,0.7308072874448662,0.7296918918105201,0.7238117617464763
sparse_unet,/home/guoheng/custom_simulation/WM/runs/sparse_baseline_core_20260701/r128_wrench_temporal_cnn_sparse_unet,0.5,20260703,0.699999988079071,0.7088465549365044,0.6830045987687273,0.6817813054708103,0.675644110791138
world_unet,/home/guoheng/custom_simulation/runs/wrench_temporal_cnn_world_20260622/r128_wrench_temporal_cnn_world_unet,0.5,20260703,0.675000011920929,0.7579903027904216,0.7358069796372684,0.7366773593603896,0.7165510506386028
world_curve_unet,/home/guoheng/custom_simulation/runs/wrench_temporal_cnn_world_20260622/r128_wrench_temporal_cnn_world_curve_unet,0.5,20260703,0.6000000238418579,0.7687449365717048,0.7331821332085687,0.7322346889402401,0.7271493368111537
sparse_unet,/home/guoheng/custom_simulation/WM/runs/sparse_baseline_core_20260701/r128_wrench_temporal_cnn_sparse_unet,0.5,20260704,0.675000011920929,0.707816436889752,0.6832269287045126,0.6817701989443767,0.6739840449509364
world_unet,/home/guoheng/custom_simulation/runs/wrench_temporal_cnn_world_20260622/r128_wrench_temporal_cnn_world_unet,0.5,20260704,0.675000011920929,0.7544485556637456,0.735086127316252,0.7362768258832915,0.7172069331201649
world_curve_unet,/home/guoheng/custom_simulation/runs/wrench_temporal_cnn_world_20260622/r128_wrench_temporal_cnn_world_curve_unet,0.5,20260704,0.6000000238418579,0.766272082561878,0.7306416994435634,0.7298163126614731,0.7227676686549518
sparse_unet,/home/guoheng/custom_simulation/WM/runs/sparse_baseline_core_20260701/r128_wrench_temporal_cnn_sparse_unet,0.5,20260705,0.675000011920929,0.708855241602755,0.685777711538009,0.6856454017438988,0.6751741625027071
world_unet,/home/guoheng/custom_simulation/runs/wrench_temporal_cnn_world_20260622/r128_wrench_temporal_cnn_world_unet,0.5,20260705,0.675000011920929,0.7572709696531867,0.7327390311812735,0.7343023387350551,0.7128144366088404
world_curve_unet,/home/guoheng/custom_simulation/runs/wrench_temporal_cnn_world_20260622/r128_wrench_temporal_cnn_world_curve_unet,0.5,20260705,0.6000000238418579,0.7680163681830812,0.7342586087693475,0.733534441561988,0.7265322958465018
sparse_unet,/home/guoheng/custom_simulation/WM/runs/sparse_baseline_core_20260701/r128_wrench_temporal_cnn_sparse_unet,0.75,20260701,0.625,0.7163278548931499,0.6950564737481341,0.6940292243714471,0.6836091682844853
world_unet,/home/guoheng/custom_simulation/runs/wrench_temporal_cnn_world_20260622/r128_wrench_temporal_cnn_world_unet,0.75,20260701,0.6499999761581421,0.7701059707069343,0.7536305999837947,0.754285193037546,0.7354597340992387
world_curve_unet,/home/guoheng/custom_simulation/runs/wrench_temporal_cnn_world_20260622/r128_wrench_temporal_cnn_world_curve_unet,0.75,20260701,0.6000000238418579,0.7827286459219144,0.7436558973076015,0.7420765310082533,0.7350251794954946
sparse_unet,/home/guoheng/custom_simulation/WM/runs/sparse_baseline_core_20260701/r128_wrench_temporal_cnn_sparse_unet,0.75,20260702,0.625,0.7174960367695068,0.6934993740088473,0.6929251208833522,0.683283042520519
world_unet,/home/guoheng/custom_simulation/runs/wrench_temporal_cnn_world_20260622/r128_wrench_temporal_cnn_world_unet,0.75,20260702,0.675000011920929,0.7707226304354534,0.756064401758049,0.7563694212254581,0.7391194272547813
world_curve_unet,/home/guoheng/custom_simulation/runs/wrench_temporal_cnn_world_20260622/r128_wrench_temporal_cnn_world_curve_unet,0.75,20260702,0.574999988079071,0.7812170676022202,0.7439673055067745,0.7430610371566235,0.7362461778838005
sparse_unet,/home/guoheng/custom_simulation/WM/runs/sparse_baseline_core_20260701/r128_wrench_temporal_cnn_sparse_unet,0.75,20260703,0.6000000238418579,0.7173221454534798,0.6925882668814606,0.6917982454322237,0.6826192398533724
world_unet,/home/guoheng/custom_simulation/runs/wrench_temporal_cnn_world_20260622/r128_wrench_temporal_cnn_world_unet,0.75,20260703,0.6499999761581421,0.7715327896615513,0.7557119897181862,0.7558476452284666,0.7378580733788883
world_curve_unet,/home/guoheng/custom_simulation/runs/wrench_temporal_cnn_world_20260622/r128_wrench_temporal_cnn_world_curve_unet,0.75,20260703,0.550000011920929,0.781781281388889,0.7443097342264324,0.7438621507180421,0.7366306033892204
sparse_unet,/home/guoheng/custom_simulation/WM/runs/sparse_baseline_core_20260701/r128_wrench_temporal_cnn_sparse_unet,0.75,20260704,0.6000000238418579,0.7162183877262119,0.6942491995630808,0.6937574030907364,0.6835860149160105
world_unet,/home/guoheng/custom_simulation/runs/wrench_temporal_cnn_world_20260622/r128_wrench_temporal_cnn_world_unet,0.75,20260704,0.675000011920929,0.7711172413069041,0.7549721911472894,0.7551126415637951,0.7365245786212248
world_curve_unet,/home/guoheng/custom_simulation/runs/wrench_temporal_cnn_world_20260622/r128_wrench_temporal_cnn_world_curve_unet,0.75,20260704,0.574999988079071,0.7806750560137484,0.7452416615683214,0.7441699164047253,0.7368881704580156
sparse_unet,/home/guoheng/custom_simulation/WM/runs/sparse_baseline_core_20260701/r128_wrench_temporal_cnn_sparse_unet,0.75,20260705,0.625,0.715948252600091,0.6943319146656308,0.6935000388936425,0.6840150521070091
world_unet,/home/guoheng/custom_simulation/runs/wrench_temporal_cnn_world_20260622/r128_wrench_temporal_cnn_world_unet,0.75,20260705,0.6499999761581421,0.7716052124207765,0.7523961056935016,0.7526842508754118,0.7337969779682716
world_curve_unet,/home/guoheng/custom_simulation/runs/wrench_temporal_cnn_world_20260622/r128_wrench_temporal_cnn_world_curve_unet,0.75,20260705,0.574999988079071,0.7828446954503542,0.7451830202299418,0.7442633611926006,0.7370204807039784
