epoch,train_loss,val_loss,elapsed_seconds
1,0.16952740466594696,0.1397094038128853,1.282457941910252
2,0.08707430410385132,0.060519198179245,2.1070929219713435
3,0.05461656185984611,0.049699970185756684,3.007538001984358
4,0.04914839974045754,0.049283185750246046,3.8606217259075493
5,0.04863857737183571,0.0452859103679657,4.681408403906971
6,0.045217912554740905,0.051824194937944414,5.438483682926744
7,0.04463126328587532,0.050459388196468356,6.201878742896952
8,0.04356958383321762,0.04289831191301346,6.985449877916835
9,0.042630388498306276,0.041807451397180555,7.793920935946517
10,0.043233654975891114,0.04065202534198761,8.56483332393691
11,0.04064129248261452,0.040907536894083024,9.346593819907866
12,0.03975235846638679,0.0395510321855545,10.145945891970769
13,0.039765204310417177,0.038807701617479325,10.939768098993227
14,0.03902161708474159,0.03914882764220238,11.707711771945469
15,0.03834932208061218,0.03772813335061073,12.493258441914804
16,0.03865589240193367,0.03823077276349068,13.289214750984684
17,0.03928415605425835,0.038346223384141925,14.071970485965721
18,0.037812053859233856,0.03720394745469093,14.857937460998073
19,0.03730080795288086,0.03727947562932968,15.63522876391653
20,0.03668554246425629,0.037320912778377534,16.422644856967963
21,0.03677771213650703,0.03668588876724243,17.26576400990598
22,0.03667633819580078,0.03672465071082115,18.074057065998204
23,0.03581338235735893,0.035054969042539595,18.907231841003522
24,0.03477189528942108,0.03465337127447128,19.792109075933695
25,0.03355308970808983,0.032453431338071825,20.633813812979497
26,0.03232933926582336,0.031926322355866434,21.484056131914258
27,0.03145930521190166,0.031579628437757495,22.35325212799944
28,0.03018135192990303,0.031301542446017266,23.21014243690297
29,0.02999402104318142,0.028405876532197,24.072526691947132
30,0.027870813727378846,0.027550993487238884,24.891807658947073
31,0.027778418391942977,0.028455045819282532,25.691073300899006
32,0.027770223185420037,0.026982236430048944,26.484156735939905
33,0.0266638093739748,0.02667838357388973,27.26910982397385
34,0.026395026862621306,0.02658507540822029,28.06773956899997
35,0.025873620867729187,0.025836945101618766,28.884267404908314
36,0.025398860901594163,0.025244927406311034,29.650283043971285
37,0.025367828160524367,0.025487505793571473,30.42887611198239
38,0.02499539388716221,0.025186482071876525,31.19560759200249
39,0.024778603717684745,0.026956766247749328,32.01104423799552
40,0.025677143290638922,0.025205582752823828,32.82386530400254
41,0.024632342994213106,0.02442061573266983,33.60790347296279
42,0.024292090356349945,0.024439953193068506,34.37925524695311
43,0.02402879400551319,0.024292472898960114,35.21805622591637
44,0.023922991454601288,0.023828963935375213,36.09816029795911
45,0.02366228987276554,0.024479487836360933,36.94825443997979
46,0.023253016740083694,0.023962228894233703,37.74767574691214
47,0.023139202907681466,0.02338143214583397,38.52258507197257
48,0.022611451134085657,0.022086706310510636,39.34321657195687
49,0.021833700343966485,0.021508851423859596,40.15189024899155
50,0.020988410517573358,0.02120697110891342,40.93552425992675
51,0.020110068365931513,0.020279416665434837,41.72045136091765
52,0.019597192704677583,0.019322976991534232,42.52585126389749
53,0.018830722883343698,0.019718818888068198,43.33196413598489
54,0.019659611597657202,0.01897589959204197,44.14526407094672
55,0.0179670352935791,0.018059132695198057,44.922076607937925
56,0.01734710764884949,0.01818817388266325,45.72386785992421
57,0.017272495195269584,0.017439496740698814,46.5138692969922
58,0.016907783508300783,0.01656850803643465,47.31884097389411
59,0.016374237447977065,0.017002384439110757,48.11395290098153
60,0.015862028412520886,0.016205426789820194,48.91392089391593
61,0.015248959243297578,0.015385078713297844,49.72339266294148
62,0.014865887939929961,0.015291323401033879,50.51276331895497
63,0.015343807592988014,0.01649959519505501,51.30398338998202
64,0.014726241022348404,0.014954065084457397,52.098843642976135
65,0.014360737301409245,0.014899125210940839,52.89209453295916
66,0.015144017271697521,0.015290019139647483,53.698654907988384
67,0.014443000860512256,0.014950556308031082,54.50782783294562
68,0.01411009357124567,0.015024074986577034,55.292244051001035
69,0.014044473268091679,0.014014933966100216,56.05700778600294
70,0.013653779335319995,0.014116428717970848,56.8761543330038
71,0.013408383950591088,0.013731020167469979,57.674593642004766
72,0.013118697948753835,0.01405341997742653,58.50675138190854
73,0.013020563684403897,0.013549339957535267,59.32663080398925
74,0.013698804229497909,0.013938865289092064,60.12878285697661
75,0.012914996780455112,0.013465855345129967,60.917852799990214
76,0.012650440908968448,0.013186219856142998,61.71552023291588
77,0.012438364379107952,0.01308284878730774,62.49322479299735
78,0.012507221706211567,0.012886061519384383,63.250873723998666
79,0.012570799447596074,0.01294930923730135,64.01240924792364
80,0.012234806500375272,0.013100962936878204,64.7681955609005
81,0.012509050734341144,0.012816728316247463,65.56216687697452
82,0.013072464019060134,0.013912723809480667,66.36348434595857
83,0.012647891372442245,0.012475897893309593,67.14580187899992
84,0.012203105948865414,0.012560975700616837,67.95596179692075
85,0.011945074133574962,0.012576566822826863,68.74847589293495
86,0.012009577006101608,0.013763495571911335,69.56434110191185
87,0.012122097000479698,0.01211188018321991,70.34809819993097
88,0.011898203268647194,0.013221948109567165,71.2067661290057
89,0.011722662284970283,0.01203226052224636,72.10413467593025
90,0.01157392569631338,0.012671629935503005,72.97817702894099
91,0.011519991755485536,0.01203606028109789,73.87658910790924
92,0.011668795004487038,0.01240497563034296,74.74285018595401
93,0.011983290575444698,0.012390220649540424,75.56399463792332
94,0.01134297315776348,0.011842143163084984,76.37098197895102
95,0.011129938341677189,0.011531960070133209,77.1708720040042
96,0.011659170553088188,0.01249448537826538,77.9592757379869
97,0.012000535637140274,0.011992030255496501,78.7255866919877
98,0.010961752332746983,0.011467782780528069,79.47900227899663
99,0.010987274281680583,0.01153159026056528,80.28983039897867
100,0.010994601398706436,0.011272842213511467,81.08888255199417
101,0.011137964010238647,0.011251119039952755,81.90891503996681
102,0.010813750244677067,0.011159766390919685,82.71068411099259
103,0.010766738392412663,0.011838402450084686,83.5213471709285
104,0.010696339085698128,0.011322499588131904,84.30724511400331
105,0.010329184629023075,0.010938198976218701,85.09796595096122
106,0.010583347029983998,0.011605559177696704,85.88395290996414
107,0.010473209604620934,0.011372694410383702,86.64322062197607
108,0.010552784904837608,0.011835056878626347,87.39959713199642
109,0.010359243646264076,0.011095726639032364,88.19215084298048
110,0.010516234070062637,0.01092785943299532,88.99098708690144
111,0.010574235759675503,0.010972887761890888,89.77650808391627
112,0.010078601256012917,0.010786907114088536,90.57604279695079
113,0.01012191379070282,0.010999683253467084,91.36004724097438
114,0.010073155790567398,0.011372433379292488,92.12429583689664
115,0.010331159859895706,0.011611781567335128,92.92426719598006
116,0.010121629565954209,0.010889852419495583,93.70717486692593
117,0.01007042871415615,0.010809181779623032,94.46287914796267
118,0.010164902307093144,0.010609802715480328,95.2350842069136
119,0.009912396803498268,0.011068828105926513,96.05760530394036
120,0.01007542072236538,0.010382134988904,96.85468891996425
