sample,fixed_dice,fixed_iou,best_dice,best_iou,gt_positive
sample_0000.npz,0.2331002331002331,0.13192612137203166,0.2331002331002331,0.13192612137203166,639
sample_0001.npz,0.22015503875968992,0.12369337979094076,0.22015503875968992,0.12369337979094076,639
sample_0002.npz,0.23482428115015974,0.1330316742081448,0.23482428115015974,0.1330316742081448,639
sample_0003.npz,0.23471882640586797,0.1329639889196676,0.23471882640586797,0.1329639889196676,639
sample_0004.npz,0.221875,0.12478031634446397,0.221875,0.12478031634446397,639
sample_0005.npz,0.23967611336032388,0.13615455381784727,0.23967611336032388,0.13615455381784727,639
sample_0006.npz,0.24541832669322708,0.13987284287011809,0.24541832669322708,0.13987284287011809,639
sample_0007.npz,0.23177283192632386,0.1310763888888889,0.23177283192632386,0.1310763888888889,639
sample_0008.npz,0.23308270676691728,0.13191489361702127,0.23308270676691728,0.13191489361702127,639
sample_0009.npz,0.23768569194683348,0.13487133984028393,0.23768569194683348,0.13487133984028393,639
sample_0010.npz,0.8448883666274971,0.7314343845371313,0.8448883666274971,0.7314343845371313,1560
sample_0011.npz,0.8730206154765462,0.7746553552492047,0.8730206154765462,0.7746553552492047,1560
sample_0012.npz,0.8705396638159835,0.770757180156658,0.8705396638159835,0.770757180156658,1560
sample_0013.npz,0.8551401869158879,0.746938775510204,0.8551401869158879,0.746938775510204,1560
sample_0014.npz,0.8552089464390819,0.7470437017994859,0.8552089464390819,0.7470437017994859,1560
sample_0015.npz,0.858833974548683,0.7525933609958506,0.858833974548683,0.7525933609958506,1560
sample_0016.npz,0.8684599467927875,0.7675026123301986,0.8684599467927875,0.7675026123301986,1560
sample_0017.npz,0.8687837028160575,0.7680084745762712,0.8687837028160575,0.7680084745762712,1560
sample_0018.npz,0.8627215379993992,0.7585842577918648,0.8627215379993992,0.7585842577918648,1560
sample_0019.npz,0.8694624926166569,0.7690700104493208,0.8694624926166569,0.7690700104493208,1560
sample_0020.npz,0.9046353705343962,0.8258760107816712,0.9046353705343962,0.8258760107816712,1789
sample_0021.npz,0.9113168109883547,0.8370817334064728,0.9113168109883547,0.8370817334064728,1789
sample_0022.npz,0.9186490455212922,0.8495382944052146,0.9186490455212922,0.8495382944052146,1789
sample_0023.npz,0.903397341211226,0.8238146551724138,0.903397341211226,0.8238146551724138,1789
sample_0024.npz,0.9027417027417027,0.8227248816412415,0.9027417027417027,0.8227248816412415,1789
sample_0025.npz,0.8933212450891508,0.807209175314036,0.8933212450891508,0.807209175314036,1789
sample_0026.npz,0.9092526690391459,0.833605220228385,0.9092526690391459,0.833605220228385,1789
sample_0027.npz,0.9164705882352941,0.8458197611292074,0.9164705882352941,0.8458197611292074,1789
sample_0028.npz,0.9189814814814815,0.8501070663811563,0.9189814814814815,0.8501070663811563,1789
sample_0029.npz,0.9030159668835009,0.8231805929919137,0.9030159668835009,0.8231805929919137,1789
sample_0030.npz,0.8342649524874232,0.7156557180532247,0.8342649524874232,0.7156557180532247,4011
sample_0031.npz,0.8269421253714447,0.7049457177322075,0.8269421253714447,0.7049457177322075,4011
sample_0032.npz,0.8348873906182757,0.7165722728392022,0.8348873906182757,0.7165722728392022,4011
sample_0033.npz,0.8356498065625447,0.7176962835343342,0.8356498065625447,0.7176962835343342,4011
sample_0034.npz,0.8335208098987626,0.7145612343297975,0.8335208098987626,0.7145612343297975,4011
sample_0035.npz,0.8143896976483762,0.6868949232585596,0.8143896976483762,0.6868949232585596,4011
sample_0036.npz,0.8194622279129321,0.6941431670281996,0.8194622279129321,0.6941431670281996,4011
sample_0037.npz,0.8155988857938719,0.6886171213546566,0.8155988857938719,0.6886171213546566,4011
sample_0038.npz,0.8064739244708812,0.6757070004636069,0.8064739244708812,0.6757070004636069,4011
sample_0039.npz,0.8442611292845967,0.7304947083435884,0.8442611292845967,0.7304947083435884,4011
sample_0040.npz,0.7330578512396694,0.578604044357469,0.7330578512396694,0.578604044357469,1921
sample_0041.npz,0.7437774524158126,0.5920745920745921,0.7437774524158126,0.5920745920745921,1921
sample_0042.npz,0.7312666803531103,0.5763754045307443,0.7312666803531103,0.5763754045307443,1921
sample_0043.npz,0.7378277153558053,0.5845697329376854,0.7378277153558053,0.5845697329376854,1921
sample_0044.npz,0.7695287282117496,0.6253934942287513,0.7695287282117496,0.6253934942287513,1921
sample_0045.npz,0.7402651201325601,0.5876356461690233,0.7402651201325601,0.5876356461690233,1921
sample_0046.npz,0.7541395933766506,0.6053162853297442,0.7541395933766506,0.6053162853297442,1921
sample_0047.npz,0.7418472543656638,0.5896321070234114,0.7418472543656638,0.5896321070234114,1921
sample_0048.npz,0.7425051334702258,0.5904637491835402,0.7425051334702258,0.5904637491835402,1921
sample_0049.npz,0.733921815889029,0.5796812749003984,0.733921815889029,0.5796812749003984,1921
sample_0050.npz,0.786846937072275,0.6485965877820583,0.786846937072275,0.6485965877820583,2799
sample_0051.npz,0.7982381839742504,0.6642232872850296,0.7982381839742504,0.6642232872850296,2799
sample_0052.npz,0.8010230179028133,0.6680887372013652,0.8010230179028133,0.6680887372013652,2799
sample_0053.npz,0.8024544059996591,0.6700825505266155,0.8024544059996591,0.6700825505266155,2799
sample_0054.npz,0.7946037099494098,0.6592053721320649,0.7946037099494098,0.6592053721320649,2799
sample_0055.npz,0.7942760942760942,0.6587545378385926,0.7942760942760942,0.6587545378385926,2799
sample_0056.npz,0.7991169977924945,0.6654411764705882,0.7991169977924945,0.6654411764705882,2799
sample_0057.npz,0.797902925756807,0.6637591446257738,0.797902925756807,0.6637591446257738,2799
sample_0058.npz,0.800883452259599,0.6678945877018986,0.800883452259599,0.6678945877018986,2799
sample_0059.npz,0.7983706720977597,0.6644067796610169,0.7983706720977597,0.6644067796610169,2799
sample_0060.npz,0.5869424692954105,0.41537053979871913,0.5869424692954105,0.41537053979871913,3402
sample_0061.npz,0.6029764762361978,0.4316151202749141,0.6029764762361978,0.4316151202749141,3402
sample_0062.npz,0.6129394766415155,0.44189814814814815,0.6129394766415155,0.44189814814814815,3402
sample_0063.npz,0.5839486356340289,0.41237814554522784,0.5839486356340289,0.41237814554522784,3402
sample_0064.npz,0.5940466613032984,0.4225223163195239,0.5940466613032984,0.4225223163195239,3402
sample_0065.npz,0.6051364365971108,0.43383199079401613,0.6051364365971108,0.43383199079401613,3402
sample_0066.npz,0.6121861506476891,0.4411154643927172,0.6121861506476891,0.4411154643927172,3402
sample_0067.npz,0.6073281452658884,0.43608847497089637,0.6073281452658884,0.43608847497089637,3402
sample_0068.npz,0.5756255044390638,0.40412511332728923,0.5756255044390638,0.40412511332728923,3402
sample_0069.npz,0.5934775589279948,0.4219467401285583,0.5934775589279948,0.4219467401285583,3402
sample_0070.npz,0.755353666450357,0.6068821689259646,0.755353666450357,0.6068821689259646,1671
sample_0071.npz,0.6949983654789147,0.532565130260521,0.6949983654789147,0.532565130260521,1671
sample_0072.npz,0.7420517862995739,0.5898905680041688,0.7420517862995739,0.5898905680041688,1671
sample_0073.npz,0.7320261437908496,0.5773195876288659,0.7320261437908496,0.5773195876288659,1671
sample_0074.npz,0.767833981841764,0.6231578947368421,0.767833981841764,0.6231578947368421,1671
sample_0075.npz,0.7492586490939045,0.5990516332982087,0.7492586490939045,0.5990516332982087,1671
sample_0076.npz,0.7569850552306693,0.6089911134343963,0.7569850552306693,0.6089911134343963,1671
sample_0077.npz,0.7605177993527508,0.6135770234986945,0.7605177993527508,0.6135770234986945,1671
sample_0078.npz,0.7296849087893864,0.5744125326370757,0.7296849087893864,0.5744125326370757,1671
sample_0079.npz,0.7458724506312723,0.5947341249354672,0.7458724506312723,0.5947341249354672,1671
sample_0080.npz,0.8558139534883721,0.7479674796747967,0.8558139534883721,0.7479674796747967,740
sample_0081.npz,0.8149779735682819,0.6877323420074349,0.8149779735682819,0.6877323420074349,740
sample_0082.npz,0.8184855233853007,0.6927426955702167,0.8184855233853007,0.6927426955702167,740
sample_0083.npz,0.8211699164345404,0.6965973534971645,0.8211699164345404,0.6965973534971645,740
sample_0084.npz,0.8173237090505275,0.6910798122065728,0.8173237090505275,0.6910798122065728,740
sample_0085.npz,0.8015267175572519,0.6687898089171974,0.8015267175572519,0.6687898089171974,740
sample_0086.npz,0.7756813417190775,0.6335616438356164,0.7756813417190775,0.6335616438356164,740
sample_0087.npz,0.8202559821925431,0.6952830188679245,0.8202559821925431,0.6952830188679245,740
sample_0088.npz,0.8197997775305895,0.6946277097078228,0.8197997775305895,0.6946277097078228,740
sample_0089.npz,0.8131868131868132,0.6851851851851852,0.8131868131868132,0.6851851851851852,740
sample_0090.npz,0.6975573649148779,0.5355762673334848,0.6975573649148779,0.5355762673334848,3961
sample_0091.npz,0.7128397917871602,0.5538081330038194,0.7128397917871602,0.5538081330038194,3961
sample_0092.npz,0.7246503496503497,0.5681973954763536,0.7246503496503497,0.5681973954763536,3961
sample_0093.npz,0.7046558126249644,0.5439911797133407,0.7046558126249644,0.5439911797133407,3961
sample_0094.npz,0.7242937853107345,0.5677590788308238,0.7242937853107345,0.5677590788308238,3961
sample_0095.npz,0.7157063468850541,0.5572762468685949,0.7157063468850541,0.5572762468685949,3961
sample_0096.npz,0.7320092112838227,0.5772985244040862,0.7320092112838227,0.5772985244040862,3961
sample_0097.npz,0.7360991068856237,0.5824025529974926,0.7360991068856237,0.5824025529974926,3961
sample_0098.npz,0.7166009636443277,0.5583617747440273,0.7166009636443277,0.5583617747440273,3961
sample_0099.npz,0.7016806722689075,0.540453074433657,0.7016806722689075,0.540453074433657,3961
sample_0100.npz,0.6264542688383749,0.45608548345061245,0.6264542688383749,0.45608548345061245,2433
sample_0101.npz,0.6446717255031342,0.4756572541382668,0.6446717255031342,0.4756572541382668,2433
sample_0102.npz,0.6322977125298737,0.46230654018971545,0.6322977125298737,0.46230654018971545,2433
sample_0103.npz,0.6062124248496994,0.4349388928828181,0.6062124248496994,0.4349388928828181,2433
sample_0104.npz,0.619961274423517,0.449234693877551,0.619961274423517,0.449234693877551,2433
sample_0105.npz,0.6342515765018254,0.46439854191980556,0.6342515765018254,0.46439854191980556,2433
sample_0106.npz,0.6330003699593045,0.46305818673883625,0.6330003699593045,0.46305818673883625,2433
sample_0107.npz,0.6354585152838428,0.46569380440348185,0.6354585152838428,0.46569380440348185,2433
sample_0108.npz,0.6318407960199005,0.4618181818181818,0.6318407960199005,0.4618181818181818,2433
sample_0109.npz,0.6384209630763995,0.4688827793051737,0.6384209630763995,0.4688827793051737,2433
sample_0110.npz,0.7131367292225201,0.5541666666666667,0.7131367292225201,0.5541666666666667,2705
sample_0111.npz,0.7079311791859001,0.5479051640142903,0.7079311791859001,0.5479051640142903,2705
sample_0112.npz,0.7110475801511129,0.5516476552598225,0.7110475801511129,0.5516476552598225,2705
sample_0113.npz,0.6919761953621999,0.5290241606526513,0.6919761953621999,0.5290241606526513,2705
sample_0114.npz,0.6959917780061665,0.5337326607818411,0.6959917780061665,0.5337326607818411,2705
sample_0115.npz,0.7062951496388029,0.5459476707083599,0.7062951496388029,0.5459476707083599,2705
sample_0116.npz,0.6985309331678047,0.536724960254372,0.6985309331678047,0.536724960254372,2705
sample_0117.npz,0.7214461791290058,0.5642673521850899,0.7214461791290058,0.5642673521850899,2705
sample_0118.npz,0.7072667217175888,0.5471095496646439,0.7072667217175888,0.5471095496646439,2705
sample_0119.npz,0.7225217751970137,0.5655844155844156,0.7225217751970137,0.5655844155844156,2705
sample_0120.npz,0.6313337216074548,0.46127659574468083,0.6313337216074548,0.46127659574468083,1898
sample_0121.npz,0.6330383480825958,0.46309883470004315,0.6330383480825958,0.46309883470004315,1898
sample_0122.npz,0.6253618992472496,0.45492839090143217,0.6253618992472496,0.45492839090143217,1898
sample_0123.npz,0.6501987507098239,0.48169962137147665,0.6501987507098239,0.48169962137147665,1898
sample_0124.npz,0.6423611111111112,0.4731457800511509,0.6423611111111112,0.4731457800511509,1898
sample_0125.npz,0.6407151095732411,0.47136190072125583,0.6407151095732411,0.47136190072125583,1898
sample_0126.npz,0.615824050271351,0.444903012794057,0.615824050271351,0.444903012794057,1898
sample_0127.npz,0.631855309218203,0.46183368869936037,0.631855309218203,0.46183368869936037,1898
sample_0128.npz,0.6444833625218914,0.4754521963824289,0.6444833625218914,0.4754521963824289,1898
sample_0129.npz,0.6077446053798404,0.4365180467091295,0.6077446053798404,0.4365180467091295,1898
sample_0130.npz,0.7059843885516045,0.5455764075067024,0.7059843885516045,0.5455764075067024,407
sample_0131.npz,0.7572093023255814,0.6092814371257484,0.7572093023255814,0.6092814371257484,407
sample_0132.npz,0.7235555555555555,0.5668523676880223,0.7235555555555555,0.5668523676880223,407
sample_0133.npz,0.6963216424294268,0.5341207349081365,0.6963216424294268,0.5341207349081365,407
sample_0134.npz,0.720353982300885,0.5629322268326418,0.720353982300885,0.5629322268326418,407
sample_0135.npz,0.7495395948434622,0.5994108983799705,0.7495395948434622,0.5994108983799705,407
sample_0136.npz,0.6904156064461408,0.5272020725388601,0.6904156064461408,0.5272020725388601,407
sample_0137.npz,0.7159190853122251,0.5575342465753425,0.7159190853122251,0.5575342465753425,407
sample_0138.npz,0.7041522491349481,0.5433911882510013,0.7041522491349481,0.5433911882510013,407
sample_0139.npz,0.7379873073436083,0.5847701149425287,0.7379873073436083,0.5847701149425287,407
sample_0140.npz,0.7476350320415014,0.5969785575048733,0.7476350320415014,0.5969785575048733,1568
sample_0141.npz,0.803507632348165,0.6715526601520087,0.803507632348165,0.6715526601520087,1568
sample_0142.npz,0.8091056910569105,0.679410158383397,0.8091056910569105,0.679410158383397,1568
sample_0143.npz,0.8146453089244852,0.6872586872586872,0.8146453089244852,0.6872586872586872,1568
sample_0144.npz,0.806135770234987,0.6752323674138874,0.806135770234987,0.6752323674138874,1568
sample_0145.npz,0.8070634401569653,0.6765350877192983,0.8070634401569653,0.6765350877192983,1568
sample_0146.npz,0.7941082292667307,0.6585236325013276,0.7941082292667307,0.6585236325013276,1568
sample_0147.npz,0.7946171099006729,0.6592238171185539,0.7946171099006729,0.6592238171185539,1568
sample_0148.npz,0.8117073170731708,0.6830870279146142,0.8117073170731708,0.6830870279146142,1568
sample_0149.npz,0.7612307692307693,0.6145057128663686,0.7612307692307693,0.6145057128663686,1568
sample_0150.npz,0.8847631241997439,0.7933409873708381,0.8847631241997439,0.7933409873708381,788
sample_0151.npz,0.877370417193426,0.7815315315315315,0.877370417193426,0.7815315315315315,788
sample_0152.npz,0.8554987212276215,0.7474860335195531,0.8554987212276215,0.7474860335195531,788
sample_0153.npz,0.9056603773584906,0.8275862068965517,0.9056603773584906,0.8275862068965517,788
sample_0154.npz,0.9011553273427471,0.8200934579439252,0.9011553273427471,0.8200934579439252,788
sample_0155.npz,0.8566084788029925,0.7491821155943293,0.8566084788029925,0.7491821155943293,788
sample_0156.npz,0.8653725735754539,0.7626931567328918,0.8653725735754539,0.7626931567328918,788
sample_0157.npz,0.8639281129653402,0.7604519774011299,0.8639281129653402,0.7604519774011299,788
sample_0158.npz,0.8979857050032488,0.8148584905660378,0.8979857050032488,0.8148584905660378,788
sample_0159.npz,0.8778960551033187,0.7823660714285714,0.8778960551033187,0.7823660714285714,788
sample_0160.npz,0.7436363636363637,0.5918958031837916,0.7436363636363637,0.5918958031837916,2815
sample_0161.npz,0.7350842568695917,0.5811329812770043,0.7350842568695917,0.5811329812770043,2815
sample_0162.npz,0.7407297976067366,0.5882214922571563,0.7407297976067366,0.5882214922571563,2815
sample_0163.npz,0.7390258568851473,0.586075345731998,0.7390258568851473,0.586075345731998,2815
sample_0164.npz,0.7302114803625378,0.575065429455151,0.7302114803625378,0.575065429455151,2815
sample_0165.npz,0.7371445856019359,0.5837125748502994,0.7371445856019359,0.5837125748502994,2815
sample_0166.npz,0.7463547995139733,0.5953477102011147,0.7463547995139733,0.5953477102011147,2815
sample_0167.npz,0.7389678384442783,0.5860023724792408,0.7389678384442783,0.5860023724792408,2815
sample_0168.npz,0.7473732297852901,0.5966447848285923,0.7473732297852901,0.5966447848285923,2815
sample_0169.npz,0.7491659084015772,0.5989330746847721,0.7491659084015772,0.5989330746847721,2815
sample_0170.npz,0.7205731832139202,0.5632,0.7205731832139202,0.5632,2466
sample_0171.npz,0.7283763277693475,0.5727923627684964,0.7283763277693475,0.5727923627684964,2466
sample_0172.npz,0.7270395074397127,0.5711406690850463,0.7270395074397127,0.5711406690850463,2466
sample_0173.npz,0.7222933196826209,0.5653044871794872,0.7222933196826209,0.5653044871794872,2466
sample_0174.npz,0.7131822863027807,0.5542216886754702,0.7131822863027807,0.5542216886754702,2466
sample_0175.npz,0.7279693486590039,0.572289156626506,0.7279693486590039,0.572289156626506,2466
sample_0176.npz,0.7310625317742755,0.5761217948717948,0.7310625317742755,0.5761217948717948,2466
sample_0177.npz,0.742914979757085,0.5909822866344605,0.742914979757085,0.5909822866344605,2466
sample_0178.npz,0.7235977766548762,0.566904196357878,0.7235977766548762,0.566904196357878,2466
sample_0179.npz,0.7399249061326658,0.5872069924513309,0.7399249061326658,0.5872069924513309,2466
sample_0180.npz,0.7136498516320475,0.5547866205305652,0.7136498516320475,0.5547866205305652,597
sample_0181.npz,0.7492447129909365,0.5990338164251208,0.7492447129909365,0.5990338164251208,597
sample_0182.npz,0.702621722846442,0.5415704387990762,0.702621722846442,0.5415704387990762,597
sample_0183.npz,0.7380952380952381,0.5849056603773585,0.7380952380952381,0.5849056603773585,597
sample_0184.npz,0.6912,0.5281173594132029,0.6912,0.5281173594132029,597
sample_0185.npz,0.705229793977813,0.5446756425948592,0.705229793977813,0.5446756425948592,597
sample_0186.npz,0.7842227378190255,0.6450381679389313,0.7842227378190255,0.6450381679389313,597
sample_0187.npz,0.6886792452830188,0.5251798561151079,0.6886792452830188,0.5251798561151079,597
sample_0188.npz,0.741248097412481,0.5888754534461911,0.741248097412481,0.5888754534461911,597
sample_0189.npz,0.7581903276131046,0.6105527638190955,0.7581903276131046,0.6105527638190955,597
sample_0190.npz,0.7847210588038197,0.6457127102288392,0.7847210588038197,0.6457127102288392,3463
sample_0191.npz,0.7790249623052438,0.6380351262349067,0.7790249623052438,0.6380351262349067,3463
sample_0192.npz,0.7626603646185011,0.6163710777626193,0.7626603646185011,0.6163710777626193,3463
sample_0193.npz,0.7678749584303293,0.6232118758434548,0.7678749584303293,0.6232118758434548,3463
sample_0194.npz,0.8150638870208473,0.6878547105561862,0.8150638870208473,0.6878547105561862,3463
sample_0195.npz,0.801056628694073,0.6681354998622969,0.801056628694073,0.6681354998622969,3463
sample_0196.npz,0.7760165403170227,0.634009009009009,0.7760165403170227,0.634009009009009,3463
sample_0197.npz,0.7754106358757522,0.6332005312084993,0.7754106358757522,0.6332005312084993,3463
sample_0198.npz,0.7827255923374222,0.6430149088901159,0.7827255923374222,0.6430149088901159,3463
sample_0199.npz,0.8073089700996677,0.6768802228412256,0.8073089700996677,0.6768802228412256,3463
sample_0200.npz,0.7460184409052808,0.5949197860962567,0.7460184409052808,0.5949197860962567,457
sample_0201.npz,0.740924092409241,0.5884665792922673,0.740924092409241,0.5884665792922673,457
sample_0202.npz,0.780952380952381,0.640625,0.780952380952381,0.640625,457
sample_0203.npz,0.7469287469287469,0.596078431372549,0.7469287469287469,0.596078431372549,457
sample_0204.npz,0.7734711455641688,0.6306179775280899,0.7734711455641688,0.6306179775280899,457
sample_0205.npz,0.7589658048373644,0.6115591397849462,0.7589658048373644,0.6115591397849462,457
sample_0206.npz,0.7621440536013401,0.6156968876860622,0.7621440536013401,0.6156968876860622,457
sample_0207.npz,0.7719897523484202,0.6286509040333796,0.7719897523484202,0.6286509040333796,457
sample_0208.npz,0.7552921253175275,0.6068027210884354,0.7552921253175275,0.6068027210884354,457
sample_0209.npz,0.7637595258255715,0.6178082191780822,0.7637595258255715,0.6178082191780822,457
sample_0210.npz,0.7530155083285468,0.603869184707508,0.7530155083285468,0.603869184707508,2040
sample_0211.npz,0.7290526921969479,0.5736293611236973,0.7290526921969479,0.5736293611236973,2040
sample_0212.npz,0.7613344739093242,0.6146408839779005,0.7613344739093242,0.6146408839779005,2040
sample_0213.npz,0.7531285551763367,0.6040145985401459,0.7531285551763367,0.6040145985401459,2040
sample_0214.npz,0.7753182069728832,0.6330772706732942,0.7753182069728832,0.6330772706732942,2040
sample_0215.npz,0.7395253442719015,0.5867038586703859,0.7395253442719015,0.5867038586703859,2040
sample_0216.npz,0.7417486971627099,0.5895075931891395,0.7417486971627099,0.5895075931891395,2040
sample_0217.npz,0.79006279006279,0.6529783393501805,0.79006279006279,0.6529783393501805,2040
sample_0218.npz,0.7568032082497852,0.6087557603686636,0.7568032082497852,0.6087557603686636,2040
sample_0219.npz,0.7670068027210885,0.6220689655172413,0.7670068027210885,0.6220689655172413,2040
sample_0220.npz,0.8096437567470313,0.6801692865779927,0.8096437567470313,0.6801692865779927,1611
sample_0221.npz,0.8245243128964059,0.7014388489208633,0.8245243128964059,0.7014388489208633,1611
sample_0222.npz,0.8287408440878967,0.7075640262060751,0.8287408440878967,0.7075640262060751,1611
sample_0223.npz,0.866092943201377,0.76381299332119,0.866092943201377,0.76381299332119,1611
sample_0224.npz,0.8238636363636364,0.7004830917874396,0.8238636363636364,0.7004830917874396,1611
sample_0225.npz,0.8553590010405827,0.7472727272727273,0.8553590010405827,0.7472727272727273,1611
sample_0226.npz,0.8337416870843543,0.7148859543817527,0.8337416870843543,0.7148859543817527,1611
sample_0227.npz,0.8640945429266598,0.7607099143206855,0.8640945429266598,0.7607099143206855,1611
sample_0228.npz,0.8606726149622512,0.755421686746988,0.8606726149622512,0.755421686746988,1611
sample_0229.npz,0.8542748355832468,0.7456193353474321,0.8542748355832468,0.7456193353474321,1611
sample_0230.npz,0.8388520971302428,0.7224334600760456,0.8388520971302428,0.7224334600760456,380
sample_0231.npz,0.852017937219731,0.7421875,0.852017937219731,0.7421875,380
sample_0232.npz,0.852017937219731,0.7421875,0.852017937219731,0.7421875,380
sample_0233.npz,0.8539325842696629,0.7450980392156863,0.8539325842696629,0.7450980392156863,380
sample_0234.npz,0.8315098468271335,0.7116104868913857,0.8315098468271335,0.7116104868913857,380
sample_0235.npz,0.8468468468468469,0.734375,0.8468468468468469,0.734375,380
sample_0236.npz,0.8333333333333334,0.7142857142857143,0.8333333333333334,0.7142857142857143,380
sample_0237.npz,0.8636363636363636,0.76,0.8636363636363636,0.76,380
sample_0238.npz,0.8463251670378619,0.7335907335907336,0.8463251670378619,0.7335907335907336,380
sample_0239.npz,0.8597285067873304,0.753968253968254,0.8597285067873304,0.753968253968254,380
sample_0240.npz,0.9272030651340997,0.8642857142857143,0.9272030651340997,0.8642857142857143,853
sample_0241.npz,0.9025039957378796,0.8223300970873786,0.9025039957378796,0.8223300970873786,853
sample_0242.npz,0.8528225806451613,0.7434094903339191,0.8528225806451613,0.7434094903339191,853
sample_0243.npz,0.8549924736578023,0.7467134092900964,0.8549924736578023,0.7467134092900964,853
sample_0244.npz,0.8670402445236882,0.7652877697841727,0.8670402445236882,0.7652877697841727,853
sample_0245.npz,0.9223194748358862,0.8558375634517766,0.9223194748358862,0.8558375634517766,853
sample_0246.npz,0.8539778449144008,0.7451669595782073,0.8539778449144008,0.7451669595782073,853
sample_0247.npz,0.9264787175234936,0.86302780638517,0.9264787175234936,0.86302780638517,853
sample_0248.npz,0.8520770010131712,0.7422771403353927,0.8520770010131712,0.7422771403353927,853
sample_0249.npz,0.8846960167714885,0.793233082706767,0.8846960167714885,0.793233082706767,853
sample_0250.npz,0.7896817925061194,0.6524579962663348,0.7896817925061194,0.6524579962663348,2450
sample_0251.npz,0.7800829875518672,0.6394557823129252,0.7800829875518672,0.6394557823129252,2450
sample_0252.npz,0.78376765466481,0.6444226365718024,0.78376765466481,0.6444226365718024,2450
sample_0253.npz,0.7793957044048052,0.6385326573218014,0.7793957044048052,0.6385326573218014,2450
sample_0254.npz,0.7611111111111111,0.6143497757847534,0.7611111111111111,0.6143497757847534,2450
sample_0255.npz,0.7790476190476191,0.6380655226209049,0.7790476190476191,0.6380655226209049,2450
sample_0256.npz,0.7684113865932047,0.6239188786161646,0.7684113865932047,0.6239188786161646,2450
sample_0257.npz,0.781578947368421,0.6414686825053996,0.781578947368421,0.6414686825053996,2450
sample_0258.npz,0.7889546351084813,0.6514657980456026,0.7889546351084813,0.6514657980456026,2450
sample_0259.npz,0.8023349436392915,0.6699159663865546,0.8023349436392915,0.6699159663865546,2450
sample_0260.npz,0.6932258064516129,0.5304862996790916,0.6932258064516129,0.5304862996790916,3470
sample_0261.npz,0.7203308940502704,0.5629040278468423,0.7203308940502704,0.5629040278468423,3470
sample_0262.npz,0.7154259651409024,0.5569363428861274,0.7154259651409024,0.5569363428861274,3470
sample_0263.npz,0.7188761504924915,0.561129316864129,0.7188761504924915,0.561129316864129,3470
sample_0264.npz,0.7217996439553326,0.5646999240314003,0.7217996439553326,0.5646999240314003,3470
sample_0265.npz,0.7052190721649485,0.544662851455586,0.7052190721649485,0.544662851455586,3470
sample_0266.npz,0.7273312932839426,0.5715008858516831,0.7273312932839426,0.5715008858516831,3470
sample_0267.npz,0.7094474153297683,0.5497237569060773,0.7094474153297683,0.5497237569060773,3470
sample_0268.npz,0.7131095630145662,0.5541338582677166,0.7131095630145662,0.5541338582677166,3470
sample_0269.npz,0.7391861582826017,0.5862770012706481,0.7391861582826017,0.5862770012706481,3470
sample_0270.npz,0.7388949079089924,0.5859106529209622,0.7388949079089924,0.5859106529209622,2595
sample_0271.npz,0.7154085176384574,0.5569151963574275,0.7154085176384574,0.5569151963574275,2595
sample_0272.npz,0.761452195400114,0.6147943523634132,0.761452195400114,0.6147943523634132,2595
sample_0273.npz,0.7269509821270571,0.5710314150681123,0.7269509821270571,0.5710314150681123,2595
sample_0274.npz,0.7837837837837838,0.6444444444444445,0.7837837837837838,0.6444444444444445,2595
sample_0275.npz,0.7243165981775952,0.5677871148459384,0.7243165981775952,0.5677871148459384,2595
sample_0276.npz,0.7658321060382917,0.6205250596658711,0.7658321060382917,0.6205250596658711,2595
sample_0277.npz,0.8008921330089214,0.6679066621575922,0.8008921330089214,0.6679066621575922,2595
sample_0278.npz,0.7549889135254989,0.6064113980409617,0.7549889135254989,0.6064113980409617,2595
sample_0279.npz,0.752912107306742,0.6037362015284461,0.752912107306742,0.6037362015284461,2595
sample_0280.npz,0.8025088998135277,0.670158550396376,0.8025088998135277,0.670158550396376,2785
sample_0281.npz,0.8032048072108162,0.6711297071129707,0.8032048072108162,0.6711297071129707,2785
sample_0282.npz,0.7832767554046811,0.6437591776798826,0.7832767554046811,0.6437591776798826,2785
sample_0283.npz,0.784444075120492,0.6453377085042384,0.784444075120492,0.6453377085042384,2785
sample_0284.npz,0.784228612769036,0.6450461172270158,0.784228612769036,0.6450461172270158,2785
sample_0285.npz,0.771698449474247,0.6282646546720836,0.771698449474247,0.6282646546720836,2785
sample_0286.npz,0.7929799426934098,0.656973293768546,0.7929799426934098,0.656973293768546,2785
sample_0287.npz,0.7762812663984607,0.6343624928530589,0.7762812663984607,0.6343624928530589,2785
sample_0288.npz,0.7995965030262273,0.6661064425770308,0.7995965030262273,0.6661064425770308,2785
sample_0289.npz,0.8032959326788219,0.6712569586873718,0.8032959326788219,0.6712569586873718,2785
sample_0290.npz,0.6442920137187653,0.4752439465124684,0.6442920137187653,0.4752439465124684,1911
sample_0291.npz,0.628698224852071,0.45846817691477887,0.628698224852071,0.45846817691477887,1911
sample_0292.npz,0.6723824369966225,0.5064579256360078,0.6723824369966225,0.5064579256360078,1911
sample_0293.npz,0.6390562248995983,0.46956842493544815,0.6390562248995983,0.46956842493544815,1911
sample_0294.npz,0.6689706245371513,0.5025964391691394,0.6689706245371513,0.5025964391691394,1911
sample_0295.npz,0.6751229614289412,0.5095740523642047,0.6751229614289412,0.5095740523642047,1911
sample_0296.npz,0.6473988439306358,0.47863247863247865,0.6473988439306358,0.47863247863247865,1911
sample_0297.npz,0.6211586901763224,0.4504932407745707,0.6211586901763224,0.4504932407745707,1911
sample_0298.npz,0.6461310990635781,0.4772479068074263,0.6461310990635781,0.4772479068074263,1911
sample_0299.npz,0.6561165536297413,0.4882242990654206,0.6561165536297413,0.4882242990654206,1911
sample_0300.npz,0.8356831581645732,0.7177454865697931,0.8356831581645732,0.7177454865697931,2021
sample_0301.npz,0.8407079646017699,0.7251908396946565,0.8407079646017699,0.7251908396946565,2021
sample_0302.npz,0.8694241686942417,0.7690100430416069,0.8694241686942417,0.7690100430416069,2021
sample_0303.npz,0.8755785461475633,0.7786924939467312,0.8755785461475633,0.7786924939467312,2021
sample_0304.npz,0.8367697594501718,0.7193500738552437,0.8367697594501718,0.7193500738552437,2021
sample_0305.npz,0.8596821976838136,0.7538970240906944,0.8596821976838136,0.7538970240906944,2021
sample_0306.npz,0.8493377483443708,0.7381294964028777,0.8493377483443708,0.7381294964028777,2021
sample_0307.npz,0.8503850385038504,0.7397129186602871,0.8503850385038504,0.7397129186602871,2021
sample_0308.npz,0.8593238822246456,0.7533460803059273,0.8593238822246456,0.7533460803059273,2021
sample_0309.npz,0.8706199460916442,0.7708830548926014,0.8706199460916442,0.7708830548926014,2021
sample_0310.npz,0.5248,0.3557483731019523,0.5248,0.3557483731019523,538
sample_0311.npz,0.4757834757834758,0.3121495327102804,0.4757834757834758,0.3121495327102804,538
sample_0312.npz,0.47476901208244493,0.31127679403541475,0.47476901208244493,0.31127679403541475,538
sample_0313.npz,0.5142417244033872,0.3461139896373057,0.5142417244033872,0.3461139896373057,538
sample_0314.npz,0.4812680115273775,0.31688804554079697,0.4812680115273775,0.31688804554079697,538
sample_0315.npz,0.47844827586206895,0.31444759206798867,0.47844827586206895,0.31444759206798867,538
sample_0316.npz,0.5049130763416477,0.33771486349848334,0.5049130763416477,0.33771486349848334,538
sample_0317.npz,0.5034324942791762,0.3363914373088685,0.5034324942791762,0.3363914373088685,538
sample_0318.npz,0.471671388101983,0.3086190917516219,0.471671388101983,0.3086190917516219,538
sample_0319.npz,0.5284810126582279,0.35913978494623655,0.5284810126582279,0.35913978494623655,538
sample_0320.npz,0.7648546144121365,0.6192425793244627,0.7648546144121365,0.6192425793244627,2866
sample_0321.npz,0.7683579186253849,0.623848381152935,0.7683579186253849,0.623848381152935,2866
sample_0322.npz,0.7684260580123633,0.623938223938224,0.7684260580123633,0.623938223938224,2866
sample_0323.npz,0.7574782888388549,0.6096298213823453,0.7574782888388549,0.6096298213823453,2866
sample_0324.npz,0.7280599500416319,0.5724011521340665,0.7280599500416319,0.5724011521340665,2866
sample_0325.npz,0.7548430193720775,0.6062231759656652,0.7548430193720775,0.6062231759656652,2866
sample_0326.npz,0.7678571428571429,0.6231884057971014,0.7678571428571429,0.6231884057971014,2866
sample_0327.npz,0.7684436375639544,0.6239614044492093,0.7684436375639544,0.6239614044492093,2866
sample_0328.npz,0.7488057980563334,0.5984728804634017,0.7488057980563334,0.5984728804634017,2866
sample_0329.npz,0.7669748167038571,0.6220268872802482,0.7669748167038571,0.6220268872802482,2866
sample_0330.npz,0.2736625514403292,0.15852205005959474,0.2736625514403292,0.15852205005959474,695
sample_0331.npz,0.2808870116156283,0.16339066339066338,0.2808870116156283,0.16339066339066338,695
sample_0332.npz,0.2767950052029136,0.1606280193236715,0.2767950052029136,0.1606280193236715,695
sample_0333.npz,0.2797055730809674,0.1625916870415648,0.2797055730809674,0.1625916870415648,695
sample_0334.npz,0.2805907172995781,0.16319018404907976,0.2805907172995781,0.16319018404907976,695
sample_0335.npz,0.2697768762677485,0.1559202813599062,0.2697768762677485,0.1559202813599062,695
sample_0336.npz,0.2773722627737226,0.16101694915254236,0.2773722627737226,0.16101694915254236,695
sample_0337.npz,0.2776617954070981,0.16121212121212122,0.2776617954070981,0.16121212121212122,695
sample_0338.npz,0.28,0.16279069767441862,0.28,0.16279069767441862,695
sample_0339.npz,0.2773722627737226,0.16101694915254236,0.2773722627737226,0.16101694915254236,695
sample_0340.npz,0.7645697454239427,0.6188692098092643,0.7645697454239427,0.6188692098092643,2173
sample_0341.npz,0.7213245561539996,0.5641185647425897,0.7213245561539996,0.5641185647425897,2173
sample_0342.npz,0.7371186098201656,0.58368,0.7371186098201656,0.58368,2173
sample_0343.npz,0.7345061975209916,0.5804107424960505,0.7345061975209916,0.5804107424960505,2173
sample_0344.npz,0.7527101656780528,0.6034765496884225,0.7527101656780528,0.6034765496884225,2173
sample_0345.npz,0.7435206303130831,0.5917491749174918,0.7435206303130831,0.5917491749174918,2173
sample_0346.npz,0.7943505242884656,0.6588569400070997,0.7943505242884656,0.6588569400070997,2173
sample_0347.npz,0.7491338903607092,0.598892147279244,0.7491338903607092,0.598892147279244,2173
sample_0348.npz,0.7767111853088481,0.6349368816103719,0.7767111853088481,0.6349368816103719,2173
sample_0349.npz,0.7429613125379785,0.5910409281340638,0.7429613125379785,0.5910409281340638,2173
sample_0350.npz,0.8258135083401695,0.7033069399161621,0.8258135083401695,0.7033069399161621,2144
sample_0351.npz,0.8105263157894737,0.6814159292035398,0.8105263157894737,0.6814159292035398,2144
sample_0352.npz,0.8114663726571113,0.6827458256029685,0.8114663726571113,0.6827458256029685,2144
sample_0353.npz,0.8071428571428572,0.6766467065868264,0.8071428571428572,0.6766467065868264,2144
sample_0354.npz,0.829560949004636,0.7087604846225536,0.829560949004636,0.7087604846225536,2144
sample_0355.npz,0.8405172413793104,0.724907063197026,0.8405172413793104,0.724907063197026,2144
sample_0356.npz,0.802899358795651,0.6707033069399162,0.802899358795651,0.6707033069399162,2144
sample_0357.npz,0.8209893413500956,0.6963375057950858,0.8209893413500956,0.6963375057950858,2144
sample_0358.npz,0.7926863572433193,0.6565703634669152,0.7926863572433193,0.6565703634669152,2144
sample_0359.npz,0.7978871281623575,0.6637372802960222,0.7978871281623575,0.6637372802960222,2144
sample_0360.npz,0.75328,0.6042094455852156,0.75328,0.6042094455852156,1399
sample_0361.npz,0.7366447985004686,0.5830860534124629,0.7366447985004686,0.5830860534124629,1399
sample_0362.npz,0.7078816290653384,0.5478458049886621,0.7078816290653384,0.5478458049886621,1399
sample_0363.npz,0.7227245328511152,0.5658329400660689,0.7227245328511152,0.5658329400660689,1399
sample_0364.npz,0.6651336590974418,0.4982773471145564,0.6651336590974418,0.4982773471145564,1399
sample_0365.npz,0.7447870778267254,0.5933551708001872,0.7447870778267254,0.5933551708001872,1399
sample_0366.npz,0.7012448132780082,0.5399361022364217,0.7012448132780082,0.5399361022364217,1399
sample_0367.npz,0.683614088820827,0.5193113075849232,0.683614088820827,0.5193113075849232,1399
sample_0368.npz,0.7121982210927573,0.5530340404538727,0.7121982210927573,0.5530340404538727,1399
sample_0369.npz,0.6854514088556641,0.5214348206474191,0.6854514088556641,0.5214348206474191,1399
sample_0370.npz,0.8764444444444445,0.7800632911392406,0.8764444444444445,0.7800632911392406,2013
sample_0371.npz,0.8808520079875749,0.7870737509912767,0.8808520079875749,0.7870737509912767,2013
sample_0372.npz,0.8802832485063067,0.7861660079051384,0.8802832485063067,0.7861660079051384,2013
sample_0373.npz,0.877906976744186,0.7823834196891192,0.877906976744186,0.7823834196891192,2013
sample_0374.npz,0.8810846854856634,0.787445371473977,0.8810846854856634,0.787445371473977,2013
sample_0375.npz,0.8690685413005272,0.7684537684537684,0.8690685413005272,0.7684537684537684,2013
sample_0376.npz,0.8817723184908971,0.7885445272655943,0.8817723184908971,0.7885445272655943,2013
sample_0377.npz,0.8744551002615518,0.7769171185127808,0.8744551002615518,0.7769171185127808,2013
sample_0378.npz,0.8690502303136652,0.7684251357641583,0.8690502303136652,0.7684251357641583,2013
sample_0379.npz,0.8645810544738569,0.7614643545279384,0.8645810544738569,0.7614643545279384,2013
sample_0380.npz,0.7862595419847328,0.6477987421383647,0.7862595419847328,0.6477987421383647,1642
sample_0381.npz,0.8206721265179328,0.6958812260536399,0.8206721265179328,0.6958812260536399,1642
sample_0382.npz,0.8131382831907259,0.6851162790697675,0.8131382831907259,0.6851162790697675,1642
sample_0383.npz,0.8338504936530324,0.7150459603289792,0.8338504936530324,0.7150459603289792,1642
sample_0384.npz,0.8059284116331096,0.6749414519906323,0.8059284116331096,0.6749414519906323,1642
sample_0385.npz,0.8141543605461131,0.6865601503759399,0.8141543605461131,0.6865601503759399,1642
sample_0386.npz,0.7983074753173484,0.6643192488262911,0.7983074753173484,0.6643192488262911,1642
sample_0387.npz,0.8186232504998572,0.6929400386847195,0.8186232504998572,0.6929400386847195,1642
sample_0388.npz,0.8026830631637787,0.6704014939309056,0.8026830631637787,0.6704014939309056,1642
sample_0389.npz,0.8159909271335413,0.689176245210728,0.8159909271335413,0.689176245210728,1642
sample_0390.npz,0.7938170032410871,0.6581231914014055,0.7938170032410871,0.6581231914014055,1774
sample_0391.npz,0.7848285922684172,0.6458583433373349,0.7848285922684172,0.6458583433373349,1774
sample_0392.npz,0.8103621730382293,0.681183932346723,0.8103621730382293,0.681183932346723,1774
sample_0393.npz,0.8092718568909045,0.6796445196783749,0.8092718568909045,0.6796445196783749,1774
sample_0394.npz,0.8132966758310423,0.685341196293176,0.8132966758310423,0.685341196293176,1774
sample_0395.npz,0.8064112196343601,0.6756189676877885,0.8064112196343601,0.6756189676877885,1774
sample_0396.npz,0.8185998978027593,0.6929065743944637,0.8185998978027593,0.6929065743944637,1774
sample_0397.npz,0.8187134502923976,0.693069306930693,0.8187134502923976,0.693069306930693,1774
sample_0398.npz,0.8188021228203184,0.693196405648267,0.8188021228203184,0.693196405648267,1774
sample_0399.npz,0.817838246409675,0.6918158567774936,0.817838246409675,0.6918158567774936,1774
