pattern,ratio,seed,area_bin,method,mean_sample_dice,delta_vs_sparse_unet,num_samples
local_block,0.1,20260701,large,sparse_unet,0.28509269817240074,,130
local_block,0.1,20260701,large,world_curve_unet,0.3062238473745444,0.02113114920214365,130
local_block,0.1,20260701,large,world_unet,0.2599772983000218,-0.02511539987237893,130
local_block,0.1,20260701,medium,sparse_unet,0.2034938448491449,,130
local_block,0.1,20260701,medium,world_curve_unet,0.2878792716662355,0.0843854268170906,130
local_block,0.1,20260701,medium,world_unet,0.23864497004727991,0.035151125198135014,130
local_block,0.1,20260701,small,sparse_unet,0.11224049161138579,,140
local_block,0.1,20260701,small,world_curve_unet,0.1722557787446653,0.06001528713327951,140
local_block,0.1,20260701,small,world_unet,0.15266382027626607,0.040423328664880284,140
local_block,0.1,20260702,large,sparse_unet,0.27597474414816964,,130
local_block,0.1,20260702,large,world_curve_unet,0.34135341541711695,0.06537867126894731,130
local_block,0.1,20260702,large,world_unet,0.2980999395862622,0.02212519543809255,130
local_block,0.1,20260702,medium,sparse_unet,0.2007885868981843,,130
local_block,0.1,20260702,medium,world_curve_unet,0.29719086958678326,0.09640228268859896,130
local_block,0.1,20260702,medium,world_unet,0.23543015409359822,0.03464156719541392,130
local_block,0.1,20260702,small,sparse_unet,0.1187676690287648,,140
local_block,0.1,20260702,small,world_curve_unet,0.17844051499964347,0.05967284597087867,140
local_block,0.1,20260702,small,world_unet,0.16701148168908478,0.048243812660319976,140
local_block,0.1,20260703,large,sparse_unet,0.28878131425522025,,130
local_block,0.1,20260703,large,world_curve_unet,0.3222029220049463,0.03342160774972608,130
local_block,0.1,20260703,large,world_unet,0.3008813705257775,0.012100056270557269,130
local_block,0.1,20260703,medium,sparse_unet,0.20072237987813413,,130
local_block,0.1,20260703,medium,world_curve_unet,0.281536563490473,0.08081418361233889,130
local_block,0.1,20260703,medium,world_unet,0.24062991164294628,0.039907531764812154,130
local_block,0.1,20260703,small,sparse_unet,0.10945635038405666,,140
local_block,0.1,20260703,small,world_curve_unet,0.15896446076342288,0.04950811037936623,140
local_block,0.1,20260703,small,world_unet,0.13564645214228505,0.02619010175822839,140
local_block,0.25,20260701,large,sparse_unet,0.38200421375357846,,130
local_block,0.25,20260701,large,world_curve_unet,0.4389548495007236,0.05695063574714515,130
local_block,0.25,20260701,large,world_unet,0.4789557588763837,0.09695154512280524,130
local_block,0.25,20260701,medium,sparse_unet,0.26300059908344897,,130
local_block,0.25,20260701,medium,world_curve_unet,0.41644974472085333,0.15344914563740436,130
local_block,0.25,20260701,medium,world_unet,0.3895537131108525,0.12655311402740355,130
local_block,0.25,20260701,small,sparse_unet,0.1403319848048034,,140
local_block,0.25,20260701,small,world_curve_unet,0.298083766278193,0.15775178147338959,140
local_block,0.25,20260701,small,world_unet,0.2916246105684206,0.15129262576361718,140
local_block,0.25,20260702,large,sparse_unet,0.36187740356710935,,130
local_block,0.25,20260702,large,world_curve_unet,0.4542160887857792,0.09233868521866984,130
local_block,0.25,20260702,large,world_unet,0.4916677132524674,0.12979030968535804,130
local_block,0.25,20260702,medium,sparse_unet,0.2649875332030382,,130
local_block,0.25,20260702,medium,world_curve_unet,0.42415462690453626,0.15916709370149806,130
local_block,0.25,20260702,medium,world_unet,0.40699181255023303,0.14200427934719484,130
local_block,0.25,20260702,small,sparse_unet,0.15403892869752228,,140
local_block,0.25,20260702,small,world_curve_unet,0.2892435240044572,0.1352045953069349,140
local_block,0.25,20260702,small,world_unet,0.30226932214897967,0.1482303934514574,140
local_block,0.25,20260703,large,sparse_unet,0.3892240077818873,,130
local_block,0.25,20260703,large,world_curve_unet,0.44000978636018495,0.050785778578297636,130
local_block,0.25,20260703,large,world_unet,0.47847166944921077,0.08924766166732345,130
local_block,0.25,20260703,medium,sparse_unet,0.2562764497149848,,130
local_block,0.25,20260703,medium,world_curve_unet,0.43113814266444905,0.17486169294946424,130
local_block,0.25,20260703,medium,world_unet,0.42490225958147754,0.16862580986649273,130
local_block,0.25,20260703,small,sparse_unet,0.1386075637361205,,140
local_block,0.25,20260703,small,world_curve_unet,0.3049218700692759,0.16631430633315542,140
local_block,0.25,20260703,small,world_unet,0.28483925566215057,0.14623169192603008,140
local_block,0.5,20260701,large,sparse_unet,0.4637487919234082,,130
local_block,0.5,20260701,large,world_curve_unet,0.639736873171249,0.17598808124784088,130
local_block,0.5,20260701,large,world_unet,0.7006449582793981,0.23689616635598992,130
local_block,0.5,20260701,medium,sparse_unet,0.42579243876061723,,130
local_block,0.5,20260701,medium,world_curve_unet,0.6389395573896444,0.21314711862902713,130
local_block,0.5,20260701,medium,world_unet,0.6365064759420361,0.2107140371814189,130
local_block,0.5,20260701,small,sparse_unet,0.3177424278058476,,140
local_block,0.5,20260701,small,world_curve_unet,0.5910152578201852,0.27327283001433755,140
local_block,0.5,20260701,small,world_unet,0.5608508012248333,0.24310837341898572,140
local_block,0.5,20260702,large,sparse_unet,0.451859557809197,,130
local_block,0.5,20260702,large,world_curve_unet,0.6512903947363493,0.1994308369271523,130
local_block,0.5,20260702,large,world_unet,0.7226311099321371,0.2707715521229401,130
local_block,0.5,20260702,medium,sparse_unet,0.4089404663755793,,130
local_block,0.5,20260702,medium,world_curve_unet,0.638320103522866,0.22937963714728665,130
local_block,0.5,20260702,medium,world_unet,0.6395502131860058,0.2306097468104265,130
local_block,0.5,20260702,small,sparse_unet,0.30365081485165696,,140
local_block,0.5,20260702,small,world_curve_unet,0.5816189024847341,0.2779680876330772,140
local_block,0.5,20260702,small,world_unet,0.5476313510354135,0.24398053618375654,140
local_block,0.5,20260703,large,sparse_unet,0.4617715658277884,,130
local_block,0.5,20260703,large,world_curve_unet,0.6544296940849417,0.19265812825715328,130
local_block,0.5,20260703,large,world_unet,0.7223294206925606,0.2605578548647722,130
local_block,0.5,20260703,medium,sparse_unet,0.4441549015450806,,130
local_block,0.5,20260703,medium,world_curve_unet,0.6348364860628817,0.1906815845178011,130
local_block,0.5,20260703,medium,world_unet,0.6466775850511906,0.20252268350610997,130
local_block,0.5,20260703,small,sparse_unet,0.30091486098958975,,140
local_block,0.5,20260703,small,world_curve_unet,0.5697256293387231,0.2688107683491333,140
local_block,0.5,20260703,small,world_unet,0.5547378026357612,0.2538229416461715,140
local_block,0.75,20260701,large,sparse_unet,0.6464752362125691,,130
local_block,0.75,20260701,large,world_curve_unet,0.7039905523536323,0.0575153161410632,130
local_block,0.75,20260701,large,world_unet,0.7844584573626132,0.13798322115004413,130
local_block,0.75,20260701,medium,sparse_unet,0.6533826827746225,,130
local_block,0.75,20260701,medium,world_curve_unet,0.7040018568944028,0.05061917411978023,130
local_block,0.75,20260701,medium,world_unet,0.729088074860601,0.07570539208597848,130
local_block,0.75,20260701,small,sparse_unet,0.6331112554827943,,140
local_block,0.75,20260701,small,world_curve_unet,0.7180288220166094,0.0849175665338151,140
local_block,0.75,20260701,small,world_unet,0.6895832754532497,0.05647201997045537,140
local_block,0.75,20260702,large,sparse_unet,0.635929309032391,,130
local_block,0.75,20260702,large,world_curve_unet,0.7095768960990678,0.07364758706667685,130
local_block,0.75,20260702,large,world_unet,0.7924867846090594,0.15655747557666844,130
local_block,0.75,20260702,medium,sparse_unet,0.6521651672247112,,130
local_block,0.75,20260702,medium,world_curve_unet,0.7020685090488354,0.04990334182412426,130
local_block,0.75,20260702,medium,world_unet,0.7320352200608631,0.0798700528361519,130
local_block,0.75,20260702,small,sparse_unet,0.6286702221791176,,140
local_block,0.75,20260702,small,world_curve_unet,0.7176495287918652,0.08897930661274756,140
local_block,0.75,20260702,small,world_unet,0.678052535028425,0.049382312849307386,140
local_block,0.75,20260703,large,sparse_unet,0.6385307010915431,,130
local_block,0.75,20260703,large,world_curve_unet,0.7106786419310601,0.07214794083951703,130
local_block,0.75,20260703,large,world_unet,0.7901508945659724,0.15162019347442934,130
local_block,0.75,20260703,medium,sparse_unet,0.6626227129818154,,130
local_block,0.75,20260703,medium,world_curve_unet,0.7026239882400439,0.0400012752582285,130
local_block,0.75,20260703,medium,world_unet,0.7337553026506336,0.07113258966881819,130
local_block,0.75,20260703,small,sparse_unet,0.6151635108506834,,140
local_block,0.75,20260703,small,world_curve_unet,0.6976948876108622,0.08253137676017874,140
local_block,0.75,20260703,small,world_unet,0.6657710706433223,0.05060755979263887,140
local_block,0.9,20260701,large,sparse_unet,0.6886376826620368,,130
local_block,0.9,20260701,large,world_curve_unet,0.7208270339199973,0.03218935125796041,130
local_block,0.9,20260701,large,world_unet,0.8034704518099552,0.1148327691479184,130
local_block,0.9,20260701,medium,sparse_unet,0.7149538396871779,,130
local_block,0.9,20260701,medium,world_curve_unet,0.7127366604023408,-0.002217179284837001,130
local_block,0.9,20260701,medium,world_unet,0.7425848469071608,0.027631007219982906,130
local_block,0.9,20260701,small,sparse_unet,0.7357223256043728,,140
local_block,0.9,20260701,small,world_curve_unet,0.7462885712511454,0.010566245646772665,140
local_block,0.9,20260701,small,world_unet,0.7203642914212502,-0.015358034183122538,140
local_block,0.9,20260702,large,sparse_unet,0.6859865119107276,,130
local_block,0.9,20260702,large,world_curve_unet,0.7230405527076941,0.0370540407969665,130
local_block,0.9,20260702,large,world_unet,0.8045945003545403,0.1186079884438127,130
local_block,0.9,20260702,medium,sparse_unet,0.7155806730177616,,130
local_block,0.9,20260702,medium,world_curve_unet,0.7114831941253512,-0.004097478892410411,130
local_block,0.9,20260702,medium,world_unet,0.7432760165651247,0.027695343547363027,130
local_block,0.9,20260702,small,sparse_unet,0.7354141664951533,,140
local_block,0.9,20260702,small,world_curve_unet,0.745773397889911,0.010359231394757695,140
local_block,0.9,20260702,small,world_unet,0.7197439741773536,-0.015670192317799758,140
local_block,0.9,20260703,large,sparse_unet,0.6868709656004623,,130
local_block,0.9,20260703,large,world_curve_unet,0.7223357627384369,0.03546479713797457,130
local_block,0.9,20260703,large,world_unet,0.804957215260408,0.11808624965994563,130
local_block,0.9,20260703,medium,sparse_unet,0.7159883675269638,,130
local_block,0.9,20260703,medium,world_curve_unet,0.7113368195246429,-0.004651548002320927,130
local_block,0.9,20260703,medium,world_unet,0.7431291380967819,0.027140770569818118,130
local_block,0.9,20260703,small,sparse_unet,0.7360791911727856,,140
local_block,0.9,20260703,small,world_curve_unet,0.7460769791563608,0.009997787983575201,140
local_block,0.9,20260703,small,world_unet,0.7214395713058048,-0.014639619866980813,140
missing_block,0.1,20260701,large,sparse_unet,0.19446122272200145,,130
missing_block,0.1,20260701,large,world_curve_unet,0.16743530862077824,-0.02702591410122321,130
missing_block,0.1,20260701,large,world_unet,0.11503032821827619,-0.07943089450372526,130
missing_block,0.1,20260701,medium,sparse_unet,0.14888510009101802,,130
missing_block,0.1,20260701,medium,world_curve_unet,0.1866942327342703,0.03780913264325228,130
missing_block,0.1,20260701,medium,world_unet,0.1378101043480505,-0.011074995742967525,130
missing_block,0.1,20260701,small,sparse_unet,0.12444974987263363,,140
missing_block,0.1,20260701,small,world_curve_unet,0.16818387379536676,0.043734123922733126,140
missing_block,0.1,20260701,small,world_unet,0.1457980837951438,0.021348333922510176,140
missing_block,0.1,20260702,large,sparse_unet,0.2013711328710317,,130
missing_block,0.1,20260702,large,world_curve_unet,0.15584020338771673,-0.04553092948331497,130
missing_block,0.1,20260702,large,world_unet,0.12437068205030428,-0.07700045082072741,130
missing_block,0.1,20260702,medium,sparse_unet,0.13298588643572995,,130
missing_block,0.1,20260702,medium,world_curve_unet,0.17236387455688754,0.03937798812115759,130
missing_block,0.1,20260702,medium,world_unet,0.1456559978294582,0.012670111393728256,130
missing_block,0.1,20260702,small,sparse_unet,0.1263865748022648,,140
missing_block,0.1,20260702,small,world_curve_unet,0.15352757205568948,0.02714099725342467,140
missing_block,0.1,20260702,small,world_unet,0.15150284348845494,0.02511626868619013,140
missing_block,0.1,20260703,large,sparse_unet,0.20408397082505725,,130
missing_block,0.1,20260703,large,world_curve_unet,0.17634446231088793,-0.027739508514169314,130
missing_block,0.1,20260703,large,world_unet,0.12019806155361948,-0.08388590927143777,130
missing_block,0.1,20260703,medium,sparse_unet,0.14763826974179714,,130
missing_block,0.1,20260703,medium,world_curve_unet,0.18573282039974498,0.03809455065794784,130
missing_block,0.1,20260703,medium,world_unet,0.13701612069663413,-0.01062214904516301,130
missing_block,0.1,20260703,small,sparse_unet,0.13037297136292958,,140
missing_block,0.1,20260703,small,world_curve_unet,0.17737921631561704,0.04700624495268746,140
missing_block,0.1,20260703,small,world_unet,0.16246300334512667,0.03209003198219709,140
missing_block,0.25,20260701,large,sparse_unet,0.37938837454166563,,130
missing_block,0.25,20260701,large,world_curve_unet,0.4415381276767118,0.06214975313504617,130
missing_block,0.25,20260701,large,world_unet,0.3033432500042378,-0.07604512453742784,130
missing_block,0.25,20260701,medium,sparse_unet,0.2896667424787376,,130
missing_block,0.25,20260701,medium,world_curve_unet,0.43195833530633826,0.14229159282760068,130
missing_block,0.25,20260701,medium,world_unet,0.34176685118907124,0.05210010871033366,130
missing_block,0.25,20260701,small,sparse_unet,0.1488754516821705,,140
missing_block,0.25,20260701,small,world_curve_unet,0.37168295536374546,0.22280750368157495,140
missing_block,0.25,20260701,small,world_unet,0.36095933227023896,0.21208388058806846,140
missing_block,0.25,20260702,large,sparse_unet,0.36843891720559485,,130
missing_block,0.25,20260702,large,world_curve_unet,0.4170441398590622,0.04860522265346734,130
missing_block,0.25,20260702,large,world_unet,0.29911994798202285,-0.069318969223572,130
missing_block,0.25,20260702,medium,sparse_unet,0.2833563474932623,,130
missing_block,0.25,20260702,medium,world_curve_unet,0.42636291396499576,0.1430065664717335,130
missing_block,0.25,20260702,medium,world_unet,0.33054518073532735,0.047188833242065076,130
missing_block,0.25,20260702,small,sparse_unet,0.15442136518038488,,140
missing_block,0.25,20260702,small,world_curve_unet,0.3715399720539679,0.217118606873583,140
missing_block,0.25,20260702,small,world_unet,0.38853843723771,0.2341170720573251,140
missing_block,0.25,20260703,large,sparse_unet,0.36218088484138916,,130
missing_block,0.25,20260703,large,world_curve_unet,0.427979103728239,0.06579821888684984,130
missing_block,0.25,20260703,large,world_unet,0.30283205656869094,-0.05934882827269822,130
missing_block,0.25,20260703,medium,sparse_unet,0.2892532007909356,,130
missing_block,0.25,20260703,medium,world_curve_unet,0.4177241808928057,0.12847098010187014,130
missing_block,0.25,20260703,medium,world_unet,0.32565544253242085,0.036402241741485264,130
missing_block,0.25,20260703,small,sparse_unet,0.1579710384116787,,140
missing_block,0.25,20260703,small,world_curve_unet,0.3654771052548464,0.2075060668431677,140
missing_block,0.25,20260703,small,world_unet,0.35284637903442917,0.19487534062275047,140
missing_block,0.5,20260701,large,sparse_unet,0.4618807065806926,,130
missing_block,0.5,20260701,large,world_curve_unet,0.6034043621572638,0.1415236555765712,130
missing_block,0.5,20260701,large,world_unet,0.5345129201166489,0.07263221353595628,130
missing_block,0.5,20260701,medium,sparse_unet,0.3942412281401386,,130
missing_block,0.5,20260701,medium,world_curve_unet,0.6051861293636781,0.21094490122353948,130
missing_block,0.5,20260701,medium,world_unet,0.5263534403042563,0.13211221216411773,130
missing_block,0.5,20260701,small,sparse_unet,0.2504870644668006,,140
missing_block,0.5,20260701,small,world_curve_unet,0.6200231880323017,0.36953612356550114,140
missing_block,0.5,20260701,small,world_unet,0.5524486473257336,0.30196158285893304,140
missing_block,0.5,20260702,large,sparse_unet,0.47708127398306666,,130
missing_block,0.5,20260702,large,world_curve_unet,0.5964074780364701,0.11932620405340344,130
missing_block,0.5,20260702,large,world_unet,0.5049989027124038,0.02791762872933712,130
missing_block,0.5,20260702,medium,sparse_unet,0.4028955300147815,,130
missing_block,0.5,20260702,medium,world_curve_unet,0.6103903620561463,0.20749483204136476,130
missing_block,0.5,20260702,medium,world_unet,0.5365579332743806,0.1336624032595991,130
missing_block,0.5,20260702,small,sparse_unet,0.24045849464236327,,140
missing_block,0.5,20260702,small,world_curve_unet,0.5862704029833794,0.34581190834101616,140
missing_block,0.5,20260702,small,world_unet,0.5377789515535747,0.29732045691121145,140
missing_block,0.5,20260703,large,sparse_unet,0.47820348500810994,,130
missing_block,0.5,20260703,large,world_curve_unet,0.5804600737798722,0.10225658877176225,130
missing_block,0.5,20260703,large,world_unet,0.5175186108441862,0.039315125836076215,130
missing_block,0.5,20260703,medium,sparse_unet,0.40619133914211936,,130
missing_block,0.5,20260703,medium,world_curve_unet,0.6065213257927977,0.20032998665067836,130
missing_block,0.5,20260703,medium,world_unet,0.5349041001201835,0.12871276097806417,130
missing_block,0.5,20260703,small,sparse_unet,0.23734792300528998,,140
missing_block,0.5,20260703,small,world_curve_unet,0.6148662756259704,0.37751835262068045,140
missing_block,0.5,20260703,small,world_unet,0.5366394850431148,0.2992915620378248,140
missing_block,0.75,20260701,large,sparse_unet,0.5399029671739046,,130
missing_block,0.75,20260701,large,world_curve_unet,0.6560148967703616,0.116111929596457,130
missing_block,0.75,20260701,large,world_unet,0.6572018027255635,0.11729883555165888,130
missing_block,0.75,20260701,medium,sparse_unet,0.45312742920106175,,130
missing_block,0.75,20260701,medium,world_curve_unet,0.6255054852246461,0.17237805602358436,130
missing_block,0.75,20260701,medium,world_unet,0.6182955467177564,0.1651681175166947,130
missing_block,0.75,20260701,small,sparse_unet,0.2851786047948292,,140
missing_block,0.75,20260701,small,world_curve_unet,0.660752558622327,0.37557395382749775,140
missing_block,0.75,20260701,small,world_unet,0.6248036877338846,0.3396250829390554,140
missing_block,0.75,20260702,large,sparse_unet,0.5653604404585767,,130
missing_block,0.75,20260702,large,world_curve_unet,0.6397745368607874,0.07441409640221075,130
missing_block,0.75,20260702,large,world_unet,0.6363495439584709,0.07098910349989418,130
missing_block,0.75,20260702,medium,sparse_unet,0.46430190805778593,,130
missing_block,0.75,20260702,medium,world_curve_unet,0.6208522241318887,0.15655031607410275,130
missing_block,0.75,20260702,medium,world_unet,0.6062384591443845,0.14193655108659853,130
missing_block,0.75,20260702,small,sparse_unet,0.296153373676043,,140
missing_block,0.75,20260702,small,world_curve_unet,0.6462243419930969,0.35007096831705387,140
missing_block,0.75,20260702,small,world_unet,0.6049275468166226,0.30877417314057964,140
missing_block,0.75,20260703,large,sparse_unet,0.5581467044187941,,130
missing_block,0.75,20260703,large,world_curve_unet,0.6467124385811038,0.08856573416230973,130
missing_block,0.75,20260703,large,world_unet,0.6287720477083936,0.07062534328959946,130
missing_block,0.75,20260703,medium,sparse_unet,0.45550962249490645,,130
missing_block,0.75,20260703,medium,world_curve_unet,0.6391400365239323,0.1836304140290258,130
missing_block,0.75,20260703,medium,world_unet,0.624055054618782,0.16854543212387552,130
missing_block,0.75,20260703,small,sparse_unet,0.28520804266543975,,140
missing_block,0.75,20260703,small,world_curve_unet,0.6761044103550609,0.3908963676896211,140
missing_block,0.75,20260703,small,world_unet,0.6429663374033228,0.357758294737883,140
missing_block,0.9,20260701,large,sparse_unet,0.6376299277496293,,130
missing_block,0.9,20260701,large,world_curve_unet,0.7118498789891934,0.07421995123956404,130
missing_block,0.9,20260701,large,world_unet,0.7770660112987837,0.13943608354915438,130
missing_block,0.9,20260701,medium,sparse_unet,0.626306822264933,,130
missing_block,0.9,20260701,medium,world_curve_unet,0.6956063434022326,0.06929952113729965,130
missing_block,0.9,20260701,medium,world_unet,0.716696519306855,0.09038969704192201,130
missing_block,0.9,20260701,small,sparse_unet,0.5181284755130361,,140
missing_block,0.9,20260701,small,world_curve_unet,0.7346804820169949,0.21655200650395878,140
missing_block,0.9,20260701,small,world_unet,0.7021988049465604,0.1840703294335243,140
missing_block,0.9,20260702,large,sparse_unet,0.650833032432725,,130
missing_block,0.9,20260702,large,world_curve_unet,0.695988035919553,0.045155003486828105,130
missing_block,0.9,20260702,large,world_unet,0.749227806853955,0.09839477442123001,130
missing_block,0.9,20260702,medium,sparse_unet,0.6327760405168504,,130
missing_block,0.9,20260702,medium,world_curve_unet,0.6964508060204445,0.06367476550359408,130
missing_block,0.9,20260702,medium,world_unet,0.7111979889686091,0.07842194845175865,130
missing_block,0.9,20260702,small,sparse_unet,0.5236568975860326,,140
missing_block,0.9,20260702,small,world_curve_unet,0.7336948094931469,0.2100379119071143,140
missing_block,0.9,20260702,small,world_unet,0.7055005835956132,0.18184368600958056,140
missing_block,0.9,20260703,large,sparse_unet,0.6433589769095558,,130
missing_block,0.9,20260703,large,world_curve_unet,0.7032669694621733,0.05990799255261747,130
missing_block,0.9,20260703,large,world_unet,0.77118355021421,0.12782457330465424,130
missing_block,0.9,20260703,medium,sparse_unet,0.6206106016599033,,130
missing_block,0.9,20260703,medium,world_curve_unet,0.7058350369262966,0.08522443526639323,130
missing_block,0.9,20260703,medium,world_unet,0.7289147574149014,0.10830415575499808,130
missing_block,0.9,20260703,small,sparse_unet,0.5131511369753753,,140
missing_block,0.9,20260703,small,world_curve_unet,0.7370578328328389,0.2239066958574636,140
missing_block,0.9,20260703,small,world_unet,0.710939605346104,0.19778846837072872,140
random,0.1,20260701,large,sparse_unet,0.49861812641039677,,130
random,0.1,20260701,large,world_curve_unet,0.5805868993974829,0.0819687729870861,130
random,0.1,20260701,large,world_unet,0.5812542156191592,0.08263608920876248,130
random,0.1,20260701,medium,sparse_unet,0.49323126066684236,,130
random,0.1,20260701,medium,world_curve_unet,0.574356075144195,0.08112481447735259,130
random,0.1,20260701,medium,world_unet,0.5596721919374293,0.06644093127058698,130
random,0.1,20260701,small,sparse_unet,0.32400230109003864,,140
random,0.1,20260701,small,world_curve_unet,0.5223436146063912,0.1983413135163526,140
random,0.1,20260701,small,world_unet,0.49227817522628853,0.1682758741362499,140
random,0.1,20260702,large,sparse_unet,0.4922611822165274,,130
random,0.1,20260702,large,world_curve_unet,0.5588362774803036,0.0665750952637762,130
random,0.1,20260702,large,world_unet,0.5501852121018211,0.057924029885293715,130
random,0.1,20260702,medium,sparse_unet,0.49275959563220817,,130
random,0.1,20260702,medium,world_curve_unet,0.5923308859980132,0.09957129036580503,130
random,0.1,20260702,medium,world_unet,0.5862564542752914,0.09349685864308321,130
random,0.1,20260702,small,sparse_unet,0.3213989306558779,,140
random,0.1,20260702,small,world_curve_unet,0.5346467131619296,0.2132477825060517,140
random,0.1,20260702,small,world_unet,0.4909795380485027,0.16958060739262482,140
random,0.1,20260703,large,sparse_unet,0.484794585048816,,130
random,0.1,20260703,large,world_curve_unet,0.5711353492251369,0.08634076417632086,130
random,0.1,20260703,large,world_unet,0.5674496319228114,0.08265504687399539,130
random,0.1,20260703,medium,sparse_unet,0.4839081989643286,,130
random,0.1,20260703,medium,world_curve_unet,0.57007649189956,0.08616829293523143,130
random,0.1,20260703,medium,world_unet,0.5711660083435909,0.08725780937926231,130
random,0.1,20260703,small,sparse_unet,0.3094236618708405,,140
random,0.1,20260703,small,world_curve_unet,0.5108251231663621,0.20140146129552156,140
random,0.1,20260703,small,world_unet,0.4734097126654983,0.16398605079465778,140
random,0.25,20260701,large,sparse_unet,0.6234580974315822,,130
random,0.25,20260701,large,world_curve_unet,0.6839951735175613,0.060537076085979136,130
random,0.25,20260701,large,world_unet,0.7170410733517973,0.09358297592021514,130
random,0.25,20260701,medium,sparse_unet,0.6115002365569289,,130
random,0.25,20260701,medium,world_curve_unet,0.679471114809387,0.06797087825245818,130
random,0.25,20260701,medium,world_unet,0.7056603919527711,0.09416015539584222,130
random,0.25,20260701,small,sparse_unet,0.4695114518859281,,140
random,0.25,20260701,small,world_curve_unet,0.6755422614687859,0.20603080958285785,140
random,0.25,20260701,small,world_unet,0.6448947649730915,0.17538331308716343,140
random,0.25,20260702,large,sparse_unet,0.6287785102580074,,130
random,0.25,20260702,large,world_curve_unet,0.6846475310042195,0.05586902074621214,130
random,0.25,20260702,large,world_unet,0.724023168681581,0.09524465842357366,130
random,0.25,20260702,medium,sparse_unet,0.6213608532796892,,130
random,0.25,20260702,medium,world_curve_unet,0.68439574981725,0.06303489653756089,130
random,0.25,20260702,medium,world_unet,0.704715391489297,0.08335453820960781,130
random,0.25,20260702,small,sparse_unet,0.49253989814322835,,140
random,0.25,20260702,small,world_curve_unet,0.6677050096948075,0.17516511155157916,140
random,0.25,20260702,small,world_unet,0.6545040006248342,0.1619641024816058,140
random,0.25,20260703,large,sparse_unet,0.6131129964218568,,130
random,0.25,20260703,large,world_curve_unet,0.6895979509651166,0.07648495454325976,130
random,0.25,20260703,large,world_unet,0.7307017531854337,0.11758875676357694,130
random,0.25,20260703,medium,sparse_unet,0.6341035914495192,,130
random,0.25,20260703,medium,world_curve_unet,0.6736536291625065,0.03955003771298726,130
random,0.25,20260703,medium,world_unet,0.7154779516616585,0.08137436021213929,130
random,0.25,20260703,small,sparse_unet,0.4879838408143125,,140
random,0.25,20260703,small,world_curve_unet,0.6703570476773649,0.18237320686305242,140
random,0.25,20260703,small,world_unet,0.6340874583803233,0.1461036175660108,140
random,0.5,20260701,large,sparse_unet,0.6855209956875699,,130
random,0.5,20260701,large,world_curve_unet,0.7172116074410564,0.03169061175348653,130
random,0.5,20260701,large,world_unet,0.7843000164263759,0.09877902073880607,130
random,0.5,20260701,medium,sparse_unet,0.6929857345199125,,130
random,0.5,20260701,medium,world_curve_unet,0.7080253931926881,0.015039658672775569,130
random,0.5,20260701,medium,world_unet,0.7429630003725375,0.049977265852624964,130
random,0.5,20260701,small,sparse_unet,0.6631327761147362,,140
random,0.5,20260701,small,world_curve_unet,0.7271587827200646,0.06402600660532842,140
random,0.5,20260701,small,world_unet,0.7084431059496155,0.04531032983487926,140
random,0.5,20260702,large,sparse_unet,0.6825003196803426,,130
random,0.5,20260702,large,world_curve_unet,0.7167141633313708,0.0342138436510282,130
random,0.5,20260702,large,world_unet,0.7842709292030403,0.10177060952269767,130
random,0.5,20260702,medium,sparse_unet,0.6987444956072126,,130
random,0.5,20260702,medium,world_curve_unet,0.7097034291203359,0.01095893351312327,130
random,0.5,20260702,medium,world_unet,0.7432991023252093,0.044554606717996714,130
random,0.5,20260702,small,sparse_unet,0.6668984824246277,,140
random,0.5,20260702,small,world_curve_unet,0.7236183644975369,0.05671988207290923,140
random,0.5,20260702,small,world_unet,0.7048179663260468,0.03791948390141908,140
random,0.5,20260703,large,sparse_unet,0.6833993097497238,,130
random,0.5,20260703,large,world_curve_unet,0.7145070526838041,0.03110774293408025,130
random,0.5,20260703,large,world_unet,0.7847606357365559,0.10136132598683201,130
random,0.5,20260703,medium,sparse_unet,0.6961858667391878,,130
random,0.5,20260703,medium,world_curve_unet,0.7057944002076887,0.00960853346850088,130
random,0.5,20260703,medium,world_unet,0.7471859651808551,0.05100009844166731,130
random,0.5,20260703,small,sparse_unet,0.6657936610618079,,140
random,0.5,20260703,small,world_curve_unet,0.7273382751645673,0.061544614102759354,140
random,0.5,20260703,small,world_unet,0.7115277875691188,0.0457341265073109,140
random,0.75,20260701,large,sparse_unet,0.6894773547655505,,130
random,0.75,20260701,large,world_curve_unet,0.7220045880002169,0.03252723323466644,130
random,0.75,20260701,large,world_unet,0.7976035250675888,0.1081261703020383,130
random,0.75,20260701,medium,sparse_unet,0.7080130220697528,,130
random,0.75,20260701,medium,world_curve_unet,0.7144586340238844,0.006445611954131625,130
random,0.75,20260701,medium,world_unet,0.7443449896634999,0.03633196759374713,130
random,0.75,20260701,small,sparse_unet,0.7129733931466526,,140
random,0.75,20260701,small,world_curve_unet,0.7408505101933224,0.02787711704666973,140
random,0.75,20260701,small,world_unet,0.7212773260863041,0.008303932939651482,140
random,0.75,20260702,large,sparse_unet,0.6919874384452848,,130
random,0.75,20260702,large,world_curve_unet,0.7221724105881272,0.030184972142842437,130
random,0.75,20260702,large,world_unet,0.7998231120279707,0.10783567358268598,130
random,0.75,20260702,medium,sparse_unet,0.7138090515658901,,130
random,0.75,20260702,medium,world_curve_unet,0.7125452439899688,-0.0012638075759213718,130
random,0.75,20260702,medium,world_unet,0.7469654557563508,0.03315640419046062,130
random,0.75,20260702,small,sparse_unet,0.7221198127598508,,140
random,0.75,20260702,small,world_curve_unet,0.7407278465626621,0.018608033802811286,140
random,0.75,20260702,small,world_unet,0.7181486198010347,-0.003971192958816094,140
random,0.75,20260703,large,sparse_unet,0.6899462191675225,,130
random,0.75,20260703,large,world_curve_unet,0.7221948833593235,0.032248664191800946,130
random,0.75,20260703,large,world_unet,0.7984815565084956,0.10853533734097309,130
random,0.75,20260703,medium,sparse_unet,0.7125919408416488,,130
random,0.75,20260703,medium,world_curve_unet,0.7149055493593695,0.0023136085177206667,130
random,0.75,20260703,medium,world_unet,0.7463553832084402,0.03376344236679141,130
random,0.75,20260703,small,sparse_unet,0.7219218088751527,,140
random,0.75,20260703,small,world_curve_unet,0.7397278943520238,0.017806085476871125,140
random,0.75,20260703,small,world_unet,0.7246915037487653,0.0027696948736126714,140
random,0.9,20260701,large,sparse_unet,0.6874768880586091,,130
random,0.9,20260701,large,world_curve_unet,0.7221528340894786,0.03467594603086954,130
random,0.9,20260701,large,world_unet,0.8031843227864655,0.11570743472785638,130
random,0.9,20260701,medium,sparse_unet,0.7168715259550079,,130
random,0.9,20260701,medium,world_curve_unet,0.7149556273566591,-0.001915898598348842,130
random,0.9,20260701,medium,world_unet,0.7468337522579378,0.029962226302929884,130
random,0.9,20260701,small,sparse_unet,0.7320406875672317,,140
random,0.9,20260701,small,world_curve_unet,0.7457295208312272,0.013688833263995503,140
random,0.9,20260701,small,world_unet,0.7244972476656859,-0.007543439901545823,140
random,0.9,20260702,large,sparse_unet,0.6887160275645811,,130
random,0.9,20260702,large,world_curve_unet,0.7226943692741927,0.03397834170961167,130
random,0.9,20260702,large,world_unet,0.8050026340188193,0.11628660645423827,130
random,0.9,20260702,medium,sparse_unet,0.7130518458276514,,130
random,0.9,20260702,medium,world_curve_unet,0.7175451018401898,0.004493256012538471,130
random,0.9,20260702,medium,world_unet,0.7475922519592209,0.0345404061315695,130
random,0.9,20260702,small,sparse_unet,0.7318491280314526,,140
random,0.9,20260702,small,world_curve_unet,0.7462590098479082,0.014409881816455528,140
random,0.9,20260702,small,world_unet,0.7228050574925193,-0.009044070538933302,140
random,0.9,20260703,large,sparse_unet,0.688323731540263,,130
random,0.9,20260703,large,world_curve_unet,0.7220772354495866,0.03375350390932352,130
random,0.9,20260703,large,world_unet,0.8036884321999574,0.1153647006596944,130
random,0.9,20260703,medium,sparse_unet,0.7127333803799349,,130
random,0.9,20260703,medium,world_curve_unet,0.716159221578945,0.0034258411990100157,130
random,0.9,20260703,medium,world_unet,0.7463177397971884,0.03358435941725346,130
random,0.9,20260703,small,sparse_unet,0.731457291811056,,140
random,0.9,20260703,small,world_curve_unet,0.7444870437432763,0.013029751932220335,140
random,0.9,20260703,small,world_unet,0.72290064275609,-0.008556649054966003,140
raster_lines,0.1,20260701,large,sparse_unet,0.3067353212525961,,130
raster_lines,0.1,20260701,large,world_curve_unet,0.314420930092932,0.007685608840335867,130
raster_lines,0.1,20260701,large,world_unet,0.2340872451054134,-0.07264807614718272,130
raster_lines,0.1,20260701,medium,sparse_unet,0.20209818561161677,,130
raster_lines,0.1,20260701,medium,world_curve_unet,0.29170324118810387,0.0896050555764871,130
raster_lines,0.1,20260701,medium,world_unet,0.21435488660224197,0.012256700990625202,130
raster_lines,0.1,20260701,small,sparse_unet,0.11290581959921157,,140
raster_lines,0.1,20260701,small,world_curve_unet,0.16840064340536065,0.05549482380614908,140
raster_lines,0.1,20260701,small,world_unet,0.13662791607641708,0.02372209647720551,140
raster_lines,0.1,20260702,large,sparse_unet,0.2964658308996284,,130
raster_lines,0.1,20260702,large,world_curve_unet,0.31952413304232646,0.02305830214269805,130
raster_lines,0.1,20260702,large,world_unet,0.25754860310511585,-0.038917227794512566,130
raster_lines,0.1,20260702,medium,sparse_unet,0.20234959524711688,,130
raster_lines,0.1,20260702,medium,world_curve_unet,0.2760358655009888,0.07368627025387192,130
raster_lines,0.1,20260702,medium,world_unet,0.20805655079242244,0.005706955545305564,130
raster_lines,0.1,20260702,small,sparse_unet,0.10767426293854443,,140
raster_lines,0.1,20260702,small,world_curve_unet,0.1935009612571864,0.08582669831864198,140
raster_lines,0.1,20260702,small,world_unet,0.17363560779159645,0.06596134485305202,140
raster_lines,0.1,20260703,large,sparse_unet,0.3040232826173018,,130
raster_lines,0.1,20260703,large,world_curve_unet,0.32406442155612736,0.02004113893882553,130
raster_lines,0.1,20260703,large,world_unet,0.26741055406751646,-0.03661272854978537,130
raster_lines,0.1,20260703,medium,sparse_unet,0.20483081240039694,,130
raster_lines,0.1,20260703,medium,world_curve_unet,0.278867203687571,0.07403639128717407,130
raster_lines,0.1,20260703,medium,world_unet,0.23429643348688092,0.029465621086483984,130
raster_lines,0.1,20260703,small,sparse_unet,0.11458890714801266,,140
raster_lines,0.1,20260703,small,world_curve_unet,0.2048199416164543,0.09023103446844165,140
raster_lines,0.1,20260703,small,world_unet,0.1799934107182649,0.06540450357025225,140
raster_lines,0.25,20260701,large,sparse_unet,0.5926973830690798,,130
raster_lines,0.25,20260701,large,world_curve_unet,0.6509636691012755,0.058266286032195636,130
raster_lines,0.25,20260701,large,world_unet,0.6675377010300103,0.07484031796093049,130
raster_lines,0.25,20260701,medium,sparse_unet,0.6097896646497917,,130
raster_lines,0.25,20260701,medium,world_curve_unet,0.6624271562736576,0.052637491623865884,130
raster_lines,0.25,20260701,medium,world_unet,0.6553640918850188,0.04557442723522709,130
raster_lines,0.25,20260701,small,sparse_unet,0.5209427336959414,,140
raster_lines,0.25,20260701,small,world_curve_unet,0.6323490716926249,0.11140633799668354,140
raster_lines,0.25,20260701,small,world_unet,0.5795929054160819,0.05865017172014053,140
raster_lines,0.25,20260702,large,sparse_unet,0.5991396003125692,,130
raster_lines,0.25,20260702,large,world_curve_unet,0.6650030791314504,0.06586347881888122,130
raster_lines,0.25,20260702,large,world_unet,0.6464766019035247,0.04733700159095555,130
raster_lines,0.25,20260702,medium,sparse_unet,0.6343429072398392,,130
raster_lines,0.25,20260702,medium,world_curve_unet,0.6643578692255886,0.030014961985749378,130
raster_lines,0.25,20260702,medium,world_unet,0.6534812447411873,0.01913833750134808,130
raster_lines,0.25,20260702,small,sparse_unet,0.4983786196004918,,140
raster_lines,0.25,20260702,small,world_curve_unet,0.6597901741501768,0.16141155454968503,140
raster_lines,0.25,20260702,small,world_unet,0.5909871083784249,0.09260848877793315,140
raster_lines,0.25,20260703,large,sparse_unet,0.5915636160285752,,130
raster_lines,0.25,20260703,large,world_curve_unet,0.662733236930807,0.07116962090223178,130
raster_lines,0.25,20260703,large,world_unet,0.6626993336038824,0.07113571757530723,130
raster_lines,0.25,20260703,medium,sparse_unet,0.6130402892451267,,130
raster_lines,0.25,20260703,medium,world_curve_unet,0.6647642685893977,0.05172397934427109,130
raster_lines,0.25,20260703,medium,world_unet,0.6553919004705342,0.04235161122540754,130
raster_lines,0.25,20260703,small,sparse_unet,0.5103926418943358,,140
raster_lines,0.25,20260703,small,world_curve_unet,0.6392110990638695,0.12881845716953377,140
raster_lines,0.25,20260703,small,world_unet,0.5829487781564856,0.07255613626214985,140
raster_lines,0.5,20260701,large,sparse_unet,0.6940202726999192,,130
raster_lines,0.5,20260701,large,world_curve_unet,0.7205230015054871,0.02650272880556792,130
raster_lines,0.5,20260701,large,world_unet,0.7789826616808805,0.08496238898096131,130
raster_lines,0.5,20260701,medium,sparse_unet,0.7025260924348854,,130
raster_lines,0.5,20260701,medium,world_curve_unet,0.7069620584087268,0.004435965973841438,130
raster_lines,0.5,20260701,medium,world_unet,0.7403024233611226,0.03777633092623722,130
raster_lines,0.5,20260701,small,sparse_unet,0.6951518593881221,,140
raster_lines,0.5,20260701,small,world_curve_unet,0.7271383197696146,0.031986460381492554,140
raster_lines,0.5,20260701,small,world_unet,0.7125846376412066,0.017432778253084535,140
raster_lines,0.5,20260702,large,sparse_unet,0.6858745254491024,,130
raster_lines,0.5,20260702,large,world_curve_unet,0.7199075350620538,0.034033009612951415,130
raster_lines,0.5,20260702,large,world_unet,0.7823974079636337,0.09652288251453123,130
raster_lines,0.5,20260702,medium,sparse_unet,0.6993331601104743,,130
raster_lines,0.5,20260702,medium,world_curve_unet,0.7097295337072165,0.01039637359674217,130
raster_lines,0.5,20260702,medium,world_unet,0.7397548654280447,0.04042170531757039,130
raster_lines,0.5,20260702,small,sparse_unet,0.6842710705091753,,140
raster_lines,0.5,20260702,small,world_curve_unet,0.7224177585599187,0.038146688050743394,140
raster_lines,0.5,20260702,small,world_unet,0.7058977941980075,0.021626723688832117,140
raster_lines,0.5,20260703,large,sparse_unet,0.6819035379129432,,130
raster_lines,0.5,20260703,large,world_curve_unet,0.7221910419081592,0.04028750399521597,130
raster_lines,0.5,20260703,large,world_unet,0.7830736503357936,0.10117011242285034,130
raster_lines,0.5,20260703,medium,sparse_unet,0.7074931462202751,,130
raster_lines,0.5,20260703,medium,world_curve_unet,0.7141588950530259,0.006665748832750729,130
raster_lines,0.5,20260703,medium,world_unet,0.7411076918944695,0.03361454567419431,130
raster_lines,0.5,20260703,small,sparse_unet,0.6957842126753658,,140
raster_lines,0.5,20260703,small,world_curve_unet,0.7243545987121621,0.02857038603679629,140
raster_lines,0.5,20260703,small,world_unet,0.7106863004889187,0.014902087813552845,140
raster_lines,0.75,20260701,large,sparse_unet,0.6859625756727497,,130
raster_lines,0.75,20260701,large,world_curve_unet,0.722904858450978,0.03694228277822831,130
raster_lines,0.75,20260701,large,world_unet,0.7919658043728048,0.10600322870005519,130
raster_lines,0.75,20260701,medium,sparse_unet,0.7114750336475416,,130
raster_lines,0.75,20260701,medium,world_curve_unet,0.7116657747874559,0.00019074113991424113,130
raster_lines,0.75,20260701,medium,world_unet,0.7442451529173094,0.032770119269767806,130
raster_lines,0.75,20260701,small,sparse_unet,0.7209268150125473,,140
raster_lines,0.75,20260701,small,world_curve_unet,0.7343051791489951,0.013378364136447773,140
raster_lines,0.75,20260701,small,world_unet,0.7189628296707579,-0.0019639853417894315,140
raster_lines,0.75,20260702,large,sparse_unet,0.682527308116872,,130
raster_lines,0.75,20260702,large,world_curve_unet,0.7225486395952907,0.04002133147841869,130
raster_lines,0.75,20260702,large,world_unet,0.7980460830981702,0.11551877498129814,130
raster_lines,0.75,20260702,medium,sparse_unet,0.7097942589219741,,130
raster_lines,0.75,20260702,medium,world_curve_unet,0.7134863116688063,0.003692052746832153,130
raster_lines,0.75,20260702,medium,world_unet,0.7431466200925024,0.03335236117052831,130
raster_lines,0.75,20260702,small,sparse_unet,0.7237121256897653,,140
raster_lines,0.75,20260702,small,world_curve_unet,0.7418018453213118,0.018089719631546486,140
raster_lines,0.75,20260702,small,world_unet,0.720890351934629,-0.0028217737551362587,140
raster_lines,0.75,20260703,large,sparse_unet,0.6870062805572111,,130
raster_lines,0.75,20260703,large,world_curve_unet,0.7209573450904818,0.03395106453327068,130
raster_lines,0.75,20260703,large,world_unet,0.8007511157966973,0.1137448352394862,130
raster_lines,0.75,20260703,medium,sparse_unet,0.7152165371716956,,130
raster_lines,0.75,20260703,medium,world_curve_unet,0.7125175962486725,-0.002698940923023141,130
raster_lines,0.75,20260703,medium,world_unet,0.7487595738596333,0.03354303668793768,130
raster_lines,0.75,20260703,small,sparse_unet,0.7228960300812105,,140
raster_lines,0.75,20260703,small,world_curve_unet,0.7402782345998675,0.01738220451865702,140
raster_lines,0.75,20260703,small,world_unet,0.7229423617050682,4.633162385769829e-05,140
raster_lines,0.9,20260701,large,sparse_unet,0.6842758243564051,,130
raster_lines,0.9,20260701,large,world_curve_unet,0.7178402239723508,0.033564399615945706,130
raster_lines,0.9,20260701,large,world_unet,0.8008660105025577,0.11659018614615257,130
raster_lines,0.9,20260701,medium,sparse_unet,0.7151548667410335,,130
raster_lines,0.9,20260701,medium,world_curve_unet,0.7156029301629637,0.00044806342193026705,130
raster_lines,0.9,20260701,medium,world_unet,0.7476051463313184,0.0324502795902849,130
raster_lines,0.9,20260701,small,sparse_unet,0.7227683153529438,,140
raster_lines,0.9,20260701,small,world_curve_unet,0.7429769132843033,0.02020859793135943,140
raster_lines,0.9,20260701,small,world_unet,0.7214291918259548,-0.0013391235269890611,140
raster_lines,0.9,20260702,large,sparse_unet,0.6851516025586094,,130
raster_lines,0.9,20260702,large,world_curve_unet,0.7199509343224083,0.0347993317637989,130
raster_lines,0.9,20260702,large,world_unet,0.7992478429588866,0.11409624040027722,130
raster_lines,0.9,20260702,medium,sparse_unet,0.7121096210601778,,130
raster_lines,0.9,20260702,medium,world_curve_unet,0.7129295025979271,0.0008198815377492563,130
raster_lines,0.9,20260702,medium,world_unet,0.7454675605844262,0.03335793952424837,130
raster_lines,0.9,20260702,small,sparse_unet,0.7265962968504855,,140
raster_lines,0.9,20260702,small,world_curve_unet,0.7429242288744425,0.016327932023956993,140
raster_lines,0.9,20260702,small,world_unet,0.7236492799367894,-0.0029470169136961433,140
raster_lines,0.9,20260703,large,sparse_unet,0.6911488195177266,,130
raster_lines,0.9,20260703,large,world_curve_unet,0.7210374732367357,0.029888653719009173,130
raster_lines,0.9,20260703,large,world_unet,0.8005378359998025,0.109389016482076,130
raster_lines,0.9,20260703,medium,sparse_unet,0.7163341499835356,,130
raster_lines,0.9,20260703,medium,world_curve_unet,0.7170864557312064,0.0007523057476708228,130
raster_lines,0.9,20260703,medium,world_unet,0.7472506104405703,0.030916460457034667,130
raster_lines,0.9,20260703,small,sparse_unet,0.7268555707372129,,140
raster_lines,0.9,20260703,small,world_curve_unet,0.7428435003435202,0.01598792960630735,140
raster_lines,0.9,20260703,small,world_unet,0.7214801260110004,-0.0053754447262124305,140
space_filling,0.1,20260701,large,sparse_unet,0.5667194825324268,,130
space_filling,0.1,20260701,large,world_curve_unet,0.611607363444811,0.04488788091238427,130
space_filling,0.1,20260701,large,world_unet,0.609188554722137,0.04246907218971019,130
space_filling,0.1,20260701,medium,sparse_unet,0.5878468862546753,,130
space_filling,0.1,20260701,medium,world_curve_unet,0.6469609204480012,0.05911403419332595,130
space_filling,0.1,20260701,medium,world_unet,0.6609569529924233,0.073110066737748,130
space_filling,0.1,20260701,small,sparse_unet,0.42756803105971736,,140
space_filling,0.1,20260701,small,world_curve_unet,0.5876544842792052,0.16008645321948783,140
space_filling,0.1,20260701,small,world_unet,0.5493672186611323,0.1217991876014149,140
space_filling,0.1,20260702,large,sparse_unet,0.5652996987643694,,130
space_filling,0.1,20260702,large,world_curve_unet,0.6232934514036093,0.05799375263923989,130
space_filling,0.1,20260702,large,world_unet,0.6212878831771862,0.05598818441281683,130
space_filling,0.1,20260702,medium,sparse_unet,0.5506795062671468,,130
space_filling,0.1,20260702,medium,world_curve_unet,0.6253653301157616,0.07468582384861477,130
space_filling,0.1,20260702,medium,world_unet,0.6588576367708227,0.10817813050367586,130
space_filling,0.1,20260702,small,sparse_unet,0.41294698667333596,,140
space_filling,0.1,20260702,small,world_curve_unet,0.5860921882828063,0.17314520160947033,140
space_filling,0.1,20260702,small,world_unet,0.540718845569153,0.127771858895817,140
space_filling,0.1,20260703,large,sparse_unet,0.5698391624568392,,130
space_filling,0.1,20260703,large,world_curve_unet,0.601748543891913,0.031909381435073825,130
space_filling,0.1,20260703,large,world_unet,0.615603159748468,0.04576399729162883,130
space_filling,0.1,20260703,medium,sparse_unet,0.5755461398438569,,130
space_filling,0.1,20260703,medium,world_curve_unet,0.6166104381782451,0.04106429833438818,130
space_filling,0.1,20260703,medium,world_unet,0.6332732910588392,0.057727151214982286,130
space_filling,0.1,20260703,small,sparse_unet,0.4068420226657463,,140
space_filling,0.1,20260703,small,world_curve_unet,0.593771764271388,0.18692974160564169,140
space_filling,0.1,20260703,small,world_unet,0.5419010669488202,0.13505904428307391,140
space_filling,0.25,20260701,large,sparse_unet,0.6622756654844387,,130
space_filling,0.25,20260701,large,world_curve_unet,0.7073732142407307,0.045097548756292016,130
space_filling,0.25,20260701,large,world_unet,0.7421797345097927,0.07990406902535396,130
space_filling,0.25,20260701,medium,sparse_unet,0.6635364714610709,,130
space_filling,0.25,20260701,medium,world_curve_unet,0.6970721234748267,0.03353565201375586,130
space_filling,0.25,20260701,medium,world_unet,0.7365149537770787,0.07297848231600779,130
space_filling,0.25,20260701,small,sparse_unet,0.5693019227962847,,140
space_filling,0.25,20260701,small,world_curve_unet,0.6840667765171702,0.11476485372088552,140
space_filling,0.25,20260701,small,world_unet,0.6702128682523364,0.10091094545605173,140
space_filling,0.25,20260702,large,sparse_unet,0.6695954894659071,,130
space_filling,0.25,20260702,large,world_curve_unet,0.7049176782398472,0.03532218877394011,130
space_filling,0.25,20260702,large,world_unet,0.7431257705004009,0.07353028103449377,130
space_filling,0.25,20260702,medium,sparse_unet,0.6673979760872092,,130
space_filling,0.25,20260702,medium,world_curve_unet,0.6942360553794126,0.026838079292203387,130
space_filling,0.25,20260702,medium,world_unet,0.7381462219836447,0.07074824589643547,130
space_filling,0.25,20260702,small,sparse_unet,0.5816755293627017,,140
space_filling,0.25,20260702,small,world_curve_unet,0.6907412766504532,0.10906574728775142,140
space_filling,0.25,20260702,small,world_unet,0.6777157904711801,0.09604026110847841,140
space_filling,0.25,20260703,large,sparse_unet,0.6734590991770693,,130
space_filling,0.25,20260703,large,world_curve_unet,0.7012260348666524,0.027766935689583105,130
space_filling,0.25,20260703,large,world_unet,0.7380650536083987,0.06460595443132944,130
space_filling,0.25,20260703,medium,sparse_unet,0.6647640726766596,,130
space_filling,0.25,20260703,medium,world_curve_unet,0.686409239528988,0.021645166852328424,130
space_filling,0.25,20260703,medium,world_unet,0.7249170934628558,0.06015302078619622,130
space_filling,0.25,20260703,small,sparse_unet,0.573050900616475,,140
space_filling,0.25,20260703,small,world_curve_unet,0.6890192234396525,0.11596832282317748,140
space_filling,0.25,20260703,small,world_unet,0.6694234357543861,0.09637253513791111,140
space_filling,0.5,20260701,large,sparse_unet,0.693807315278459,,130
space_filling,0.5,20260701,large,world_curve_unet,0.7193528712568561,0.02554555597839714,130
space_filling,0.5,20260701,large,world_unet,0.7828225569675779,0.0890152416891189,130
space_filling,0.5,20260701,medium,sparse_unet,0.7014939819623521,,130
space_filling,0.5,20260701,medium,world_curve_unet,0.7078815373540036,0.006387555391651478,130
space_filling,0.5,20260701,medium,world_unet,0.7437518667450621,0.042257884782709976,130
space_filling,0.5,20260701,small,sparse_unet,0.6856895293476873,,140
space_filling,0.5,20260701,small,world_curve_unet,0.7214371141335099,0.03574758478582252,140
space_filling,0.5,20260701,small,world_unet,0.7077667345247453,0.022077205177057913,140
space_filling,0.5,20260702,large,sparse_unet,0.6842497704051811,,130
space_filling,0.5,20260702,large,world_curve_unet,0.7186737068995925,0.034423936494411445,130
space_filling,0.5,20260702,large,world_unet,0.7850767088289295,0.10082693842374846,130
space_filling,0.5,20260702,medium,sparse_unet,0.6982198886638674,,130
space_filling,0.5,20260702,medium,world_curve_unet,0.7063818716370991,0.008161982973231674,130
space_filling,0.5,20260702,medium,world_unet,0.744738998088503,0.04651910942463555,130
space_filling,0.5,20260702,small,sparse_unet,0.6821001339981373,,140
space_filling,0.5,20260702,small,world_curve_unet,0.7289096002162043,0.04680946621806703,140
space_filling,0.5,20260702,small,world_unet,0.713044730675716,0.030944596677578762,140
space_filling,0.5,20260703,large,sparse_unet,0.6818321792275494,,130
space_filling,0.5,20260703,large,world_curve_unet,0.718423631592917,0.03659145236536765,130
space_filling,0.5,20260703,large,world_unet,0.7813955765140379,0.09956339728648855,130
space_filling,0.5,20260703,medium,sparse_unet,0.7047049365837641,,130
space_filling,0.5,20260703,medium,world_curve_unet,0.7070847439068328,0.00237980732306875,130
space_filling,0.5,20260703,medium,world_unet,0.7413467309537634,0.03664179436999926,130
space_filling,0.5,20260703,small,sparse_unet,0.6954612222848358,,140
space_filling,0.5,20260703,small,world_curve_unet,0.7311392147901584,0.035677992505322664,140
space_filling,0.5,20260703,small,world_unet,0.7116724278481452,0.01621120556330946,140
space_filling,0.75,20260701,large,sparse_unet,0.6900305302606183,,130
space_filling,0.75,20260701,large,world_curve_unet,0.7213193119266914,0.03128878166607307,130
space_filling,0.75,20260701,large,world_unet,0.7977774922611843,0.107746962000566,130
space_filling,0.75,20260701,medium,sparse_unet,0.7111734077634378,,130
space_filling,0.75,20260701,medium,world_curve_unet,0.7143208613997445,0.0031474536363066408,130
space_filling,0.75,20260701,medium,world_unet,0.7463849592613414,0.03521155149790356,130
space_filling,0.75,20260701,small,sparse_unet,0.7235085390564324,,140
space_filling,0.75,20260701,small,world_curve_unet,0.7371657851539045,0.013657246097472098,140
space_filling,0.75,20260701,small,world_unet,0.7209184439161171,-0.002590095140315274,140
space_filling,0.75,20260702,large,sparse_unet,0.6871264123573327,,130
space_filling,0.75,20260702,large,world_curve_unet,0.7229767157586932,0.03585030340136042,130
space_filling,0.75,20260702,large,world_unet,0.7957794158576218,0.10865300350028906,130
space_filling,0.75,20260702,medium,sparse_unet,0.7124416132443385,,130
space_filling,0.75,20260702,medium,world_curve_unet,0.7119905334229247,-0.0004510798214137912,130
space_filling,0.75,20260702,medium,world_unet,0.7445480779190727,0.032106464674734214,130
space_filling,0.75,20260702,small,sparse_unet,0.7267968321912447,,140
space_filling,0.75,20260702,small,world_curve_unet,0.7389005616399675,0.012103729448722844,140
space_filling,0.75,20260702,small,world_unet,0.721535810213463,-0.005261021977781666,140
space_filling,0.75,20260703,large,sparse_unet,0.6884286801172596,,130
space_filling,0.75,20260703,large,world_curve_unet,0.7216200691666482,0.033191389049388675,130
space_filling,0.75,20260703,large,world_unet,0.7957519787610325,0.10732329864377299,130
space_filling,0.75,20260703,medium,sparse_unet,0.7119592952989837,,130
space_filling,0.75,20260703,medium,world_curve_unet,0.7132461618617666,0.0012868665627828735,130
space_filling,0.75,20260703,medium,world_unet,0.7459811553072161,0.034021860008232374,130
space_filling,0.75,20260703,small,sparse_unet,0.7169096355879833,,140
space_filling,0.75,20260703,small,world_curve_unet,0.7377005102193696,0.02079087463138629,140
space_filling,0.75,20260703,small,world_unet,0.7206689397633075,0.0037593041753242185,140
space_filling,0.9,20260701,large,sparse_unet,0.6903684301760201,,130
space_filling,0.9,20260701,large,world_curve_unet,0.7245700982848957,0.034201668108875594,130
space_filling,0.9,20260701,large,world_unet,0.8042739552550461,0.11390552507902596,130
space_filling,0.9,20260701,medium,sparse_unet,0.7150392235904957,,130
space_filling,0.9,20260701,medium,world_curve_unet,0.7139488931398152,-0.0010903304506804101,130
space_filling,0.9,20260701,medium,world_unet,0.7468578311463979,0.03181860755590227,130
space_filling,0.9,20260701,small,sparse_unet,0.7296771150120621,,140
space_filling,0.9,20260701,small,world_curve_unet,0.7424626776643607,0.012785562652298577,140
space_filling,0.9,20260701,small,world_unet,0.724364378020566,-0.0053127369914961475,140
space_filling,0.9,20260702,large,sparse_unet,0.6874798839245253,,130
space_filling,0.9,20260702,large,world_curve_unet,0.7233967215068744,0.03591683758234909,130
space_filling,0.9,20260702,large,world_unet,0.8028348141373621,0.11535493021283683,130
space_filling,0.9,20260702,medium,sparse_unet,0.7167314033346077,,130
space_filling,0.9,20260702,medium,world_curve_unet,0.7125932168128261,-0.004138186521781662,130
space_filling,0.9,20260702,medium,world_unet,0.7458400277123621,0.02910862437775441,130
space_filling,0.9,20260702,small,sparse_unet,0.7310726756199121,,140
space_filling,0.9,20260702,small,world_curve_unet,0.7460260277148981,0.01495335209498605,140
space_filling,0.9,20260702,small,world_unet,0.7248544915729211,-0.006218184046990927,140
space_filling,0.9,20260703,large,sparse_unet,0.6912928069748253,,130
space_filling,0.9,20260703,large,world_curve_unet,0.7227659741283754,0.031473167153550086,130
space_filling,0.9,20260703,large,world_unet,0.7988998627971985,0.10760705582237318,130
space_filling,0.9,20260703,medium,sparse_unet,0.7152507960964245,,130
space_filling,0.9,20260703,medium,world_curve_unet,0.7143320919111805,-0.0009187041852439792,130
space_filling,0.9,20260703,medium,world_unet,0.7463943923066707,0.031143596210246205,130
space_filling,0.9,20260703,small,sparse_unet,0.7273940377214494,,140
space_filling,0.9,20260703,small,world_curve_unet,0.7426344444348872,0.015240406713437848,140
space_filling,0.9,20260703,small,world_unet,0.7240528833329261,-0.0033411543885233375,140
