method,baseline,pattern,ratio,mean_aggregate_dice_delta,min_aggregate_dice_delta,max_aggregate_dice_delta,mean_sample_dice_delta,sample_bootstrap_ci_low,sample_bootstrap_ci_high,num_seeds,num_sample_seed_pairs
world_curve_unet,sparse_unet,random,0.1,0.12886661294892662,0.12726618420544433,0.13161309231628227,0.12587170995936167,0.11493478755719932,0.13599323085585996,3,1200
world_unet,sparse_unet,random,0.1,0.12341676840503048,0.12040395490071387,0.12693742421458876,0.10950946167435205,0.09812514315751075,0.11957370688430517,3,1200
world_curve_unet,sparse_unet,random,0.25,0.09463311529067893,0.08985752537961722,0.09961907955288929,0.10512314185320665,0.09589239308812288,0.11420528077590039,3,1200
world_unet,sparse_unet,random,0.25,0.11724177976396932,0.11264690033167402,0.1211088997994022,0.11764404373259447,0.10906434230666785,0.1274450968874008,3,1200
world_curve_unet,sparse_unet,random,0.5,0.03273608768465527,0.02917950950133008,0.03556298195426977,0.03563431875702406,0.028988880980814993,0.042870743312220114,3,1200
world_unet,sparse_unet,random,0.5,0.0750136902436519,0.07438306176109177,0.0762005042232975,0.06351877681498871,0.057024199710450245,0.07034396110263265,3,1200
world_curve_unet,sparse_unet,random,0.75,0.02190299638446232,0.019766301194028335,0.024080534776701246,0.018600074838475512,0.013441922968063515,0.02365864564866033,3,1200
world_unet,sparse_unet,random,0.75,0.06758706080642829,0.06642573041625588,0.06821001514403957,0.04716809189882775,0.041437272261956454,0.05255108562299047,3,1200
world_curve_unet,sparse_unet,random,0.9,0.021635177800902777,0.020907377743913602,0.022008213787199415,0.01654284509663718,0.012032470515752496,0.021229423034159266,3,1200
world_unet,sparse_unet,random,0.9,0.07001102553733811,0.06921896538155625,0.07049770116403042,0.04532313587566508,0.03953461868166694,0.05041482102810885,3,1200
world_curve_unet,sparse_unet,space_filling,0.1,0.08995239434523523,0.08112377165252616,0.10316911563943598,0.09423147314836461,0.08537493715076035,0.10328128126682726,3,1200
world_unet,sparse_unet,space_filling,0.1,0.09253804557278163,0.08501052696192724,0.10572713862163574,0.08639080917901328,0.07776229530363789,0.09503738894998967,3,1200
world_curve_unet,sparse_unet,space_filling,0.25,0.054035972124717634,0.048364659648634456,0.061210613447485795,0.06024881134633946,0.052327691344455224,0.06835082350987193,3,1200
world_unet,sparse_unet,space_filling,0.25,0.0823371853148099,0.07608373947735758,0.08944668945339085,0.07992910899334824,0.0730018978137204,0.08715426053811978,3,1200
world_curve_unet,sparse_unet,space_filling,0.5,0.027526584727879572,0.02505264033275545,0.02896927656078574,0.02608886988307204,0.020540046346782068,0.03170487455811465,3,1200
world_unet,sparse_unet,space_filling,0.5,0.06784984409368981,0.0656828342919974,0.07087712325195394,0.05301649051290299,0.04727112343062611,0.05854706850305959,3,1200
world_curve_unet,sparse_unet,space_filling,0.75,0.0215181162674839,0.020625552605208597,0.02230312083588215,0.01673170159095505,0.011996517550803866,0.021554909384869935,3,1200
world_unet,sparse_unet,space_filling,0.75,0.06700256490611689,0.06642053143974813,0.06791734418592932,0.04557112869193879,0.03991708006254169,0.05055193893937975,3,1200
world_curve_unet,sparse_unet,space_filling,0.9,0.02042596026574924,0.020148534284439412,0.020566815340560374,0.015354069769850091,0.010781213229357399,0.020060249962207333,3,1200
world_unet,sparse_unet,space_filling,0.9,0.06830471490733118,0.06669425897268277,0.06920355182987925,0.04473324461981381,0.03906152948236744,0.049592500837481394,3,1200
world_curve_unet,sparse_unet,raster_lines,0.1,0.07215669786532992,0.0671268207279628,0.07491847818021458,0.05822668136514468,0.04765656682626736,0.06924555530145807,3,1200
world_unet,sparse_unet,raster_lines,0.1,0.039516580196304385,0.024158988201691517,0.04760950495752861,0.0071791451275773415,-0.003955455079130971,0.018988315776715937,3,1200
world_curve_unet,sparse_unet,raster_lines,0.25,0.07839007790075576,0.07488751589442366,0.08289139707776583,0.08257245449346802,0.07446878619452095,0.09118330104848378,3,1200
world_unet,sparse_unet,raster_lines,0.25,0.06810882052443801,0.056830791486850996,0.07454064042326436,0.058652612706686764,0.04965956452306503,0.06724264090078583,3,1200
world_curve_unet,sparse_unet,raster_lines,0.5,0.027094013639388608,0.022884529054843616,0.02922922088965796,0.024766889859902972,0.01900808376796014,0.03033502819750405,3,1200
world_unet,sparse_unet,raster_lines,0.5,0.064849196346967,0.06097754373298425,0.06761544072689918,0.04902954843707552,0.04264959790760292,0.05469049221106134,3,1200
world_curve_unet,sparse_unet,raster_lines,0.75,0.02414316566063816,0.022252917341462286,0.02650793346485436,0.017843207906753776,0.012997252464352228,0.022634671053419663,3,1200
world_unet,sparse_unet,raster_lines,0.75,0.0702239394159035,0.06658494815839133,0.07204493716710947,0.04656473870012501,0.041071669791776004,0.051537814921260694,3,1200
world_curve_unet,sparse_unet,raster_lines,0.9,0.021963500746978504,0.020402182159038662,0.023007605870779324,0.016990722494517354,0.012310717202522185,0.021960000646555938,3,1200
world_unet,sparse_unet,raster_lines,0.9,0.07061505816309706,0.06789016189786734,0.07287670006552427,0.04619282834553656,0.04042602886979645,0.051234473431637874,3,1200
world_curve_unet,sparse_unet,local_block,0.1,0.08058020615614137,0.06996868287775468,0.09345425416065262,0.06107233821811943,0.050408560129136054,0.07153828133853186,3,1200
world_unet,sparse_unet,local_block,0.1,0.07886725342755992,0.06444628910146435,0.08874854970694607,0.026271103259151794,0.014184967925690559,0.03840027271374686,3,1200
world_curve_unet,sparse_unet,local_block,0.25,0.15314506069830258,0.14760627976464702,0.15741341028668338,0.12806649147842458,0.11694295749598696,0.13872540588466964,3,1200
world_unet,sparse_unet,local_block,0.25,0.20887858461464867,0.19815508708100066,0.21876858771633395,0.13359842760242482,0.12021721891725436,0.14795015842417664,3,1200
world_curve_unet,sparse_unet,local_block,0.5,0.24059408098954238,0.23380182197856092,0.25075075472492475,0.22581194692827555,0.21612893092946728,0.23625152269207925,3,1200
world_unet,sparse_unet,local_block,0.5,0.27820117337127886,0.2667610979760823,0.2888659990279853,0.23941418707021953,0.22799643939011893,0.25212358913187716,3,1200
world_curve_unet,sparse_unet,local_block,0.75,0.07549704824968258,0.07120439481445084,0.07867923233343621,0.06716538130780379,0.06010315115738701,0.074517011605427,3,1200
world_unet,sparse_unet,local_block,0.75,0.11991381363377988,0.11507382665662591,0.12347273446684348,0.09114802099059004,0.08343431555179436,0.09913562421233332,3,1200
world_curve_unet,sparse_unet,local_block,0.9,0.021097303361036917,0.02038268632116358,0.021945274948753535,0.013763095746040142,0.009492925748448297,0.018315122512282078,3,1200
world_unet,sparse_unet,local_block,0.9,0.07001322404624204,0.06914824824429,0.07051099594871257,0.04168811518753578,0.035731861553871036,0.04701974404811227,3,1200
world_curve_unet,sparse_unet,missing_block,0.1,0.0124702175488098,0.0035838130043368,0.017530597861414393,0.01537623564176071,0.0052837366135597315,0.025995880998519405,3,1200
world_unet,sparse_unet,missing_block,0.1,-0.022740596182097627,-0.025224684107883283,-0.019852651354566098,-0.017847590496677015,-0.02616100570074957,-0.00863690995350696,3,1200
world_curve_unet,sparse_unet,missing_block,0.25,0.13371783148540475,0.13124152119344745,0.13734354004658783,0.13948534022143286,0.12761668353254804,0.15179224263943938,3,1200
world_unet,sparse_unet,missing_block,0.25,0.0630780788124607,0.060155809595663856,0.06504593624985033,0.06731487922780363,0.05422458077205323,0.08010393446830295,3,1200
world_curve_unet,sparse_unet,missing_block,0.5,0.21803440127137944,0.21112395643035303,0.22758268838235068,0.23387099642921602,0.22132586701182938,0.24710369689758516,3,1200
world_unet,sparse_unet,missing_block,0.5,0.15239043747290765,0.14341109516548783,0.16447053318734245,0.16272175753210438,0.14856895923036792,0.17626589166062326,3,1200
world_curve_unet,sparse_unet,missing_block,0.75,0.18560987014543764,0.17165839618378587,0.19578185433403644,0.2160252929951532,0.20269123926958243,0.22912979042544016,3,1200
world_unet,sparse_unet,missing_block,0.75,0.17493306107947026,0.16163789194694256,0.19121556620275232,0.19696274742777858,0.18174375639862392,0.21174433627349803,3,1200
world_curve_unet,sparse_unet,missing_block,0.9,0.09047612810638561,0.0811389903583607,0.09517812338250042,0.11895178582651136,0.10941527677701232,0.1294317691402877,3,1200
world_unet,sparse_unet,missing_block,0.9,0.12496817413461651,0.11051339021341777,0.13298052525831305,0.13539883996834998,0.1258943177786186,0.1454166852670112,3,1200
