method,method_dir,pattern,ratio,seed,observed_tokens,val_selected_threshold,val_selected_val_dice,test_fixed_dice,test_val_selected_dice,test_iou,test_precision,test_recall,test_mean_sample_dice,test_mean_sample_iou
sparse_unet,/home/guoheng/custom_simulation/WM/runs/sparse_matched_025_100_20260701/r128_wrench_temporal_cnn_sparse_unet,random,0.1,20260701,40,0.800000011920929,0.517463681906342,0.4524578282506061,0.4547722073613156,0.29430755098232525,0.41528709639870853,0.5025546347200569,0.4357518561816162,0.2940745027602031
world_unet,/home/guoheng/custom_simulation/WM/runs/sparse_matched_025_100_20260701/r128_wrench_temporal_cnn_world_unet,random,0.1,20260701,40,0.550000011920929,0.583062345083009,0.5787427843509985,0.5776811334611044,0.4061544475373848,0.6066801604201624,0.5513279177265392,0.5430984437850923,0.3947190155058557
world_curve_unet,/home/guoheng/custom_simulation/WM/runs/sparse_matched_025_100_20260701/r128_wrench_temporal_cnn_world_curve_unet,random,0.1,20260701,40,0.3499999940395355,0.6133268986811097,0.581574232150329,0.5824927696863689,0.41092754747888605,0.5902057260775877,0.5749788025491644,0.5581767318382821,0.4077411476053874
sparse_unet,/home/guoheng/custom_simulation/WM/runs/sparse_matched_025_100_20260701/r128_wrench_temporal_cnn_sparse_unet,random,0.1,20260702,40,0.824999988079071,0.5134733576853946,0.4463242542998444,0.4505567437892425,0.2907862175547506,0.4185388150353781,0.4878791608544624,0.43262137853039634,0.2912079958377175
world_unet,/home/guoheng/custom_simulation/WM/runs/sparse_matched_025_100_20260701/r128_wrench_temporal_cnn_world_unet,random,0.1,20260702,40,0.574999988079071,0.5958160956928363,0.5723448148985562,0.5709606986899564,0.3995416348357525,0.6030001399375756,0.5421542080358852,0.5411863798895375,0.39187184682804926
world_curve_unet,/home/guoheng/custom_simulation/WM/runs/sparse_matched_025_100_20260701/r128_wrench_temporal_cnn_world_curve_unet,random,0.1,20260702,40,0.4000000059604645,0.625204161300526,0.5770925206003947,0.5778229279946868,0.4062946445761067,0.5936860267672301,0.5627854817975438,0.5612556777371283,0.4113792367800733
sparse_unet,/home/guoheng/custom_simulation/WM/runs/sparse_matched_025_100_20260701/r128_wrench_temporal_cnn_sparse_unet,random,0.1,20260703,40,0.824999988079071,0.508537462056235,0.4385847014206217,0.44224516534507186,0.28389908059122626,0.4119793289706035,0.4773105221410793,0.4231266864590662,0.2830007830591699
world_unet,/home/guoheng/custom_simulation/WM/runs/sparse_matched_025_100_20260701/r128_wrench_temporal_cnn_world_unet,random,0.1,20260703,40,0.5,0.5965055142142441,0.5691825895596606,0.5691825895596606,0.3978023928185865,0.5876993663972034,0.5517969967998687,0.5357434825195051,0.3857352244868697
world_curve_unet,/home/guoheng/custom_simulation/WM/runs/sparse_matched_025_100_20260701/r128_wrench_temporal_cnn_world_curve_unet,random,0.1,20260703,40,0.375,0.6225246406809319,0.5723790062721665,0.5738582576613541,0.402385149122918,0.582580377877483,0.565393452039058,0.5496826414737533,0.397290733370434
sparse_unet,/home/guoheng/custom_simulation/WM/runs/sparse_matched_025_100_20260701/r128_wrench_temporal_cnn_sparse_unet,random,0.25,20260701,100,0.824999988079071,0.6436202786555328,0.5804692597983326,0.5902167403162887,0.4186577874734485,0.5822621081711192,0.5983917288914417,0.5656904667063409,0.4145332879879969
world_unet,/home/guoheng/custom_simulation/WM/runs/sparse_matched_025_100_20260701/r128_wrench_temporal_cnn_world_unet,random,0.25,20260701,100,0.7749999761581421,0.7114231784203024,0.7104902387260912,0.7081862794771204,0.5482108358397619,0.7522110830924411,0.6690298405404667,0.6880911439645668,0.5400484065307942
world_curve_unet,/home/guoheng/custom_simulation/WM/runs/sparse_matched_025_100_20260701/r128_wrench_temporal_cnn_world_curve_unet,random,0.25,20260701,100,0.6499999761581421,0.7209925333499954,0.6878943672165246,0.689835819869178,0.5265262402459336,0.7083750046835235,0.6722422800251634,0.6795663352203333,0.5309440760364005
sparse_unet,/home/guoheng/custom_simulation/WM/runs/sparse_matched_025_100_20260701/r128_wrench_temporal_cnn_sparse_unet,random,0.25,20260702,100,0.824999988079071,0.6484478255523431,0.5903267286023915,0.6011604412257247,0.4297565345896336,0.6034000540084761,0.598937392303274,0.5786842574998814,0.4266899247061485
world_unet,/home/guoheng/custom_simulation/WM/runs/sparse_matched_025_100_20260701/r128_wrench_temporal_cnn_world_unet,random,0.25,20260702,100,0.800000011920929,0.7150583092494127,0.7177050449894664,0.7138073415573987,0.5549769988748957,0.7648066496091729,0.6691843767949455,0.6934164322742273,0.5471014390471056
world_curve_unet,/home/guoheng/custom_simulation/WM/runs/sparse_matched_025_100_20260701/r128_wrench_temporal_cnn_world_curve_unet,random,0.25,20260702,100,0.6499999761581421,0.724020870176745,0.6909862024984865,0.6910179666053419,0.5279048519965437,0.7133049259656636,0.6700815076174065,0.6786358196601603,0.5305287044451515
sparse_unet,/home/guoheng/custom_simulation/WM/runs/sparse_matched_025_100_20260701/r128_wrench_temporal_cnn_sparse_unet,random,0.25,20260703,100,0.824999988079071,0.6448653143720023,0.5800788468298484,0.5949025004451801,0.42338876884605114,0.593582661995782,0.5962282213287383,0.5761397353432066,0.4242210949480125
world_unet,/home/guoheng/custom_simulation/WM/runs/sparse_matched_025_100_20260701/r128_wrench_temporal_cnn_world_unet,random,0.25,20260703,100,0.800000011920929,0.7116752509270607,0.7189441257840246,0.7160114002445823,0.5576462286199213,0.7659338073622519,0.672198517546019,0.6919390145084182,0.5446964582346984
world_curve_unet,/home/guoheng/custom_simulation/WM/runs/sparse_matched_025_100_20260701/r128_wrench_temporal_cnn_world_curve_unet,random,0.25,20260703,100,0.6499999761581421,0.7212568984224371,0.6886180446870677,0.6893252413847104,0.5259315759715807,0.7051230525206208,0.6742197970515029,0.6776817302285552,0.5282662679977684
sparse_unet,/home/guoheng/custom_simulation/WM/runs/sparse_matched_025_100_20260701/r128_wrench_temporal_cnn_sparse_unet,random,0.5,20260701,200,0.6499999761581421,0.7215697953116693,0.6885438410772933,0.6882375450680541,0.5246662934134365,0.7072083576834556,0.6702579251114575,0.6801111589575894,0.5295217759371362
world_unet,/home/guoheng/custom_simulation/WM/runs/sparse_matched_025_100_20260701/r128_wrench_temporal_cnn_world_unet,random,0.5,20260701,200,0.7749999761581421,0.7622060779591261,0.7688576092852151,0.7644380492913516,0.6186966577053569,0.813789951235481,0.7207297393397336,0.7443155675420121,0.6065236479390247
world_curve_unet,/home/guoheng/custom_simulation/WM/runs/sparse_matched_025_100_20260701/r128_wrench_temporal_cnn_world_curve_unet,random,0.5,20260701,200,0.675000011920929,0.7540535857921431,0.7230365329078903,0.7238005270223239,0.5671531311116479,0.75296369090721,0.6968121769098219,0.7177075991579897,0.575109411793893
sparse_unet,/home/guoheng/custom_simulation/WM/runs/sparse_matched_025_100_20260701/r128_wrench_temporal_cnn_sparse_unet,random,0.5,20260702,200,0.675000011920929,0.7229197268257818,0.6903304042785516,0.6892480968666077,0.5258417670185633,0.7184532127566778,0.6623246081890539,0.6823190338170751,0.5338010159638693
world_unet,/home/guoheng/custom_simulation/WM/runs/sparse_matched_025_100_20260701/r128_wrench_temporal_cnn_world_unet,random,0.5,20260702,200,0.7749999761581421,0.762836263482469,0.7670883334169799,0.7636311586276995,0.6176402486656906,0.8099815508624166,0.7222983507015672,0.7431465484607975,0.6050434814639232
world_curve_unet,/home/guoheng/custom_simulation/WM/runs/sparse_matched_025_100_20260701/r128_wrench_temporal_cnn_world_curve_unet,random,0.5,20260702,200,0.6499999761581421,0.7531060851592274,0.7219002601896379,0.7227138684649737,0.5658198665293775,0.7456398815583569,0.701155602964908,0.7168521451209426,0.5747535080307364
sparse_unet,/home/guoheng/custom_simulation/WM/runs/sparse_matched_025_100_20260701/r128_wrench_temporal_cnn_sparse_unet,random,0.5,20260703,200,0.6499999761581421,0.7177028218694885,0.6917811488887711,0.6907290172627334,0.5275676512883835,0.7118882681888573,0.6707912803260304,0.681392963730529,0.5305228444894483
world_unet,/home/guoheng/custom_simulation/WM/runs/sparse_matched_025_100_20260701/r128_wrench_temporal_cnn_world_unet,random,0.5,20260703,200,0.7749999761581421,0.7616471335308189,0.7700870966544918,0.7651865220092998,0.6196778182680823,0.8143567297942579,0.7216159295424086,0.74691737094735,0.6088546837836117
world_curve_unet,/home/guoheng/custom_simulation/WM/runs/sparse_matched_025_100_20260701/r128_wrench_temporal_cnn_world_curve_unet,random,0.5,20260703,200,0.675000011920929,0.7534951491516372,0.7191666179909483,0.7199085267640635,0.5623883463141978,0.7463311876573475,0.6952927983370258,0.7161663684973337,0.5733358357620317
sparse_unet,/home/guoheng/custom_simulation/WM/runs/sparse_matched_025_100_20260701/r128_wrench_temporal_cnn_sparse_unet,random,0.75,20260701,300,0.6000000238418579,0.7376423173606118,0.707785605820921,0.7054712116871956,0.5449637103912197,0.7404912955891638,0.6736139602308471,0.7037250600728019,0.5561503542411789
world_unet,/home/guoheng/custom_simulation/WM/runs/sparse_matched_025_100_20260701/r128_wrench_temporal_cnn_world_unet,random,0.75,20260701,300,0.75,0.7762012805473386,0.7794911659923431,0.7736812268312352,0.6308973194890184,0.8244129799533756,0.7288312682913487,0.7535803314178103,0.6181768508187716
world_curve_unet,/home/guoheng/custom_simulation/WM/runs/sparse_matched_025_100_20260701/r128_wrench_temporal_cnn_world_curve_unet,random,0.75,20260701,300,0.6000000238418579,0.7618073671035319,0.7290340057676415,0.7295517464638969,0.5742475102258581,0.7541085303000005,0.7065438582095676,0.7261482257254958,0.5858428731116596
sparse_unet,/home/guoheng/custom_simulation/WM/runs/sparse_matched_025_100_20260701/r128_wrench_temporal_cnn_sparse_unet,random,0.75,20260702,300,0.6000000238418579,0.7376261441014597,0.711139572939588,0.7089230163024469,0.5490943028603464,0.7414995953254867,0.6790883728563223,0.7096257937195797,0.5624274221359731
world_unet,/home/guoheng/custom_simulation/WM/runs/sparse_matched_025_100_20260701/r128_wrench_temporal_cnn_world_unet,random,0.75,20260702,300,0.75,0.7756966826144521,0.7815541936575916,0.7753487467187028,0.6331179955446536,0.8262977266960037,0.7303178250047865,0.7540583014602664,0.6190086104836534
world_curve_unet,/home/guoheng/custom_simulation/WM/runs/sparse_matched_025_100_20260701/r128_wrench_temporal_cnn_world_curve_unet,random,0.75,20260702,300,0.625,0.7618567773424029,0.7285341813791774,0.7286893174964753,0.5731795756341055,0.7568117803731158,0.7025819862695222,0.725537984034813,0.5848675702911046
sparse_unet,/home/guoheng/custom_simulation/WM/runs/sparse_matched_025_100_20260701/r128_wrench_temporal_cnn_sparse_unet,random,0.75,20260703,300,0.6000000238418579,0.7381648017659432,0.7094058459199588,0.707825805370041,0.5477789359295646,0.7433034706694874,0.6755805366374005,0.708497535109284,0.5614666841171703
world_unet,/home/guoheng/custom_simulation/WM/runs/sparse_matched_025_100_20260701/r128_wrench_temporal_cnn_world_unet,random,0.75,20260703,300,0.75,0.7773492952246257,0.7820004452937762,0.7759512422290304,0.6339218411871612,0.8276657310641227,0.7303191925822597,0.7557140317200721,0.6206859275570931
world_curve_unet,/home/guoheng/custom_simulation/WM/runs/sparse_matched_025_100_20260701/r128_wrench_temporal_cnn_world_curve_unet,random,0.75,20260703,300,0.625,0.7615648900180342,0.7298941798941799,0.7296879585526984,0.5744163124844072,0.7594551379239447,0.7021662427176499,0.7259624036567836,0.5855739100837066
sparse_unet,/home/guoheng/custom_simulation/WM/runs/sparse_matched_025_100_20260701/r128_wrench_temporal_cnn_sparse_unet,random,0.9,20260701,360,0.6000000238418579,0.7415490967873359,0.7125329220283867,0.7096002091618072,0.5499072568051788,0.7518848893555408,0.6718183310084517,0.7126274752029567,0.5662139457046589
world_unet,/home/guoheng/custom_simulation/WM/runs/sparse_matched_025_100_20260701/r128_wrench_temporal_cnn_world_unet,random,0.9,20260701,360,0.7250000238418579,0.7811831425285161,0.7838883341878727,0.7788191745433635,0.6377590921083611,0.8254434698452756,0.7371803287656246,0.7573299110724211,0.622893272629933
world_curve_unet,/home/guoheng/custom_simulation/WM/runs/sparse_matched_025_100_20260701/r128_wrench_temporal_cnn_world_curve_unet,random,0.9,20260701,360,0.6000000238418579,0.7642618933783515,0.730634795354606,0.7305075869057208,0.5754328102876732,0.7614597920770929,0.7019734142939198,0.7280655822609242,0.5882449942299778
sparse_unet,/home/guoheng/custom_simulation/WM/runs/sparse_matched_025_100_20260701/r128_wrench_temporal_cnn_sparse_unet,random,0.9,20260702,360,0.6000000238418579,0.7423730925762559,0.7123415942262232,0.7093749864423006,0.5496367875955372,0.752618303112505,0.6708309400727551,0.711721753663484,0.5648452613659514
world_unet,/home/guoheng/custom_simulation/WM/runs/sparse_matched_025_100_20260701/r128_wrench_temporal_cnn_world_unet,random,0.9,20260702,360,0.7250000238418579,0.7816236898474418,0.7839554961703986,0.7796913965087282,0.6389296889967431,0.8252983337305007,0.7388610814802659,0.7575751080652448,0.6230028290209442
world_curve_unet,/home/guoheng/custom_simulation/WM/runs/sparse_matched_025_100_20260701/r128_wrench_temporal_cnn_world_curve_unet,random,0.9,20260702,360,0.6000000238418579,0.7647056891406213,0.731557639272688,0.7313832002295,0.5765201914098973,0.7626805112437701,0.7025532671425836,0.7292684815589422,0.5895942664822058
sparse_unet,/home/guoheng/custom_simulation/WM/runs/sparse_matched_025_100_20260701/r128_wrench_temporal_cnn_sparse_unet,random,0.9,20260703,360,0.6000000238418579,0.7417496724276963,0.7111076465425501,0.7083657063066046,0.5484259048906566,0.7511607267398639,0.6701840759279013,0.7113536135079339,0.5646962568159922
world_unet,/home/guoheng/custom_simulation/WM/runs/sparse_matched_025_100_20260701/r128_wrench_temporal_cnn_world_unet,random,0.9,20260703,360,0.7250000238418579,0.7806674711852338,0.7836577237688087,0.778863407470635,0.6378184162488812,0.8235895903435174,0.7387448373950384,0.7567672308637037,0.6220028230147893
world_curve_unet,/home/guoheng/custom_simulation/WM/runs/sparse_matched_025_100_20260701/r128_wrench_temporal_cnn_world_curve_unet,random,0.9,20260703,360,0.6000000238418579,0.7646753096377504,0.7305738797458154,0.7303556481781999,0.5752442777618944,0.7614966071205942,0.7016616066300156,0.7279973138444195,0.5881718782014917
sparse_unet,/home/guoheng/custom_simulation/WM/runs/sparse_matched_025_100_20260701/r128_wrench_temporal_cnn_sparse_unet,space_filling,0.1,20260701,40,0.7749999761581421,0.6043078947233173,0.5466408071499944,0.5490195282422687,0.3783783027604647,0.5433134871213886,0.5548466945652472,0.5248828807267093,0.3740549376509494
world_unet,/home/guoheng/custom_simulation/WM/runs/sparse_matched_025_100_20260701/r128_wrench_temporal_cnn_world_unet,space_filling,0.1,20260701,40,0.7749999761581421,0.6610424320103384,0.6418372683927613,0.634030055204196,0.4641610583159469,0.6958012990726745,0.5823322666229042,0.6050758165386285,0.4569254868527956
world_curve_unet,/home/guoheng/custom_simulation/WM/runs/sparse_matched_025_100_20260701/r128_wrench_temporal_cnn_world_curve_unet,space_filling,0.1,20260701,40,0.574999988079071,0.6773999893010197,0.6349866569795872,0.6345838239860123,0.46475487483862316,0.6653534920144379,0.6065342851672547,0.6147137617628858,0.4659216734309861
sparse_unet,/home/guoheng/custom_simulation/WM/runs/sparse_matched_025_100_20260701/r128_wrench_temporal_cnn_sparse_unet,space_filling,0.1,20260702,40,0.7749999761581421,0.5955851701777112,0.5277504701598683,0.531771310280995,0.3621856145467144,0.51064869077189,0.554716774705287,0.5072246869709103,0.3574547137292413
world_unet,/home/guoheng/custom_simulation/WM/runs/sparse_matched_025_100_20260701/r128_wrench_temporal_cnn_world_unet,space_filling,0.1,20260702,40,0.75,0.6500982196615869,0.6423892848378946,0.6374984489026307,0.46788823718342526,0.6882890796059735,0.5936886299608873,0.6052988899323064,0.45749546736798924
world_curve_unet,/home/guoheng/custom_simulation/WM/runs/sparse_matched_025_100_20260701/r128_wrench_temporal_cnn_world_curve_unet,space_filling,0.1,20260702,40,0.574999988079071,0.6686471942011637,0.6355850694589644,0.634940425920431,0.4651375207185063,0.6635705468055796,0.6086786466453324,0.6109463698927777,0.4623699447343472
sparse_unet,/home/guoheng/custom_simulation/WM/runs/sparse_matched_025_100_20260701/r128_wrench_temporal_cnn_sparse_unet,space_filling,0.1,20260703,40,0.75,0.6032061517237856,0.5391562267373754,0.5411188845501739,0.37091362607934447,0.5252082939142008,0.5580235770356391,0.5146449311807375,0.3633368166105184
world_unet,/home/guoheng/custom_simulation/WM/runs/sparse_matched_025_100_20260701/r128_wrench_temporal_cnn_world_unet,space_filling,0.1,20260703,40,0.75,0.6511337507099468,0.633405123897522,0.6279953556849558,0.45772101303525425,0.6776903751904781,0.5850906703864774,0.5955502199444619,0.4465618947149007
world_curve_unet,/home/guoheng/custom_simulation/WM/runs/sparse_matched_025_100_20260701/r128_wrench_temporal_cnn_world_curve_unet,space_filling,0.1,20260703,40,0.5249999761581421,0.6679057647171467,0.62224807513326,0.6222426562027,0.45163443258281505,0.6476460825239415,0.5987568720768032,0.6037867866677873,0.45351215046472004
sparse_unet,/home/guoheng/custom_simulation/WM/runs/sparse_matched_025_100_20260701/r128_wrench_temporal_cnn_sparse_unet,space_filling,0.25,20260701,100,0.800000011920929,0.6909798774121626,0.6407744839526536,0.6475287816387728,0.4787745371937567,0.652987010097386,0.6421610459232515,0.6301446174859904,0.47839072166549795
world_unet,/home/guoheng/custom_simulation/WM/runs/sparse_matched_025_100_20260701/r128_wrench_temporal_cnn_world_unet,space_filling,0.25,20260701,100,0.824999988079071,0.7346041521593506,0.7401563865712499,0.7369754710921637,0.5835005213473105,0.7965181945699848,0.685715653291759,0.7151502775815508,0.5731448376079119
world_curve_unet,/home/guoheng/custom_simulation/WM/runs/sparse_matched_025_100_20260701/r128_wrench_temporal_cnn_world_curve_unet,space_filling,0.25,20260701,100,0.675000011920929,0.7366664823710392,0.7066441138558334,0.7087393950862586,0.5488740169019589,0.7268884911478662,0.6914745220316731,0.6958681065385656,0.5508384989653093
sparse_unet,/home/guoheng/custom_simulation/WM/runs/sparse_matched_025_100_20260701/r128_wrench_temporal_cnn_sparse_unet,space_filling,0.25,20260702,100,0.800000011920929,0.6932360256311847,0.6493395345723858,0.6568683020525705,0.48905725555907514,0.6657597626786301,0.6482112086649708,0.6381093115817084,0.48542034862166744
world_unet,/home/guoheng/custom_simulation/WM/runs/sparse_matched_025_100_20260701/r128_wrench_temporal_cnn_world_unet,space_filling,0.25,20260702,100,0.824999988079071,0.7335305168230843,0.7408645674121773,0.7383494290662518,0.5852249791475932,0.7966727900421245,0.6879830967424304,0.7186139242222279,0.576548769725899
world_curve_unet,/home/guoheng/custom_simulation/WM/runs/sparse_matched_025_100_20260701/r128_wrench_temporal_cnn_world_curve_unet,space_filling,0.25,20260702,100,0.699999988079071,0.7386740045602013,0.7077072877936542,0.7094009453306032,0.549667956724426,0.7371113804380199,0.6836984765186948,0.696484410253918,0.5514133812745299
sparse_unet,/home/guoheng/custom_simulation/WM/runs/sparse_matched_025_100_20260701/r128_wrench_temporal_cnn_sparse_unet,space_filling,0.25,20260703,100,0.7749999761581421,0.6900320631484254,0.6473582393347295,0.6551910278209707,0.48720007181343195,0.6572245561841122,0.6531700445830256,0.6354903460682283,0.483490234361732
world_unet,/home/guoheng/custom_simulation/WM/runs/sparse_matched_025_100_20260701/r128_wrench_temporal_cnn_world_unet,space_filling,0.25,20260703,100,0.824999988079071,0.7332312837868231,0.7354525890212753,0.7312747672983283,0.5763854524601233,0.7885296439061658,0.681771559858866,0.7097674003121928,0.5659849456541763
world_curve_unet,/home/guoheng/custom_simulation/WM/runs/sparse_matched_025_100_20260701/r128_wrench_temporal_cnn_world_curve_unet,space_filling,0.25,20260703,100,0.6499999761581421,0.735557198586419,0.7027483220672451,0.7035556874696052,0.542680993444607,0.7171269980598189,0.6904884986734499,0.6921381923824614,0.5460127838702733
sparse_unet,/home/guoheng/custom_simulation/WM/runs/sparse_matched_025_100_20260701/r128_wrench_temporal_cnn_sparse_unet,space_filling,0.5,20260701,200,0.6499999761581421,0.73118662229331,0.7005992957278586,0.69881999449848,0.5370663486556808,0.7215433240601832,0.6774842044801838,0.6934642568749542,0.5433742797643919
world_unet,/home/guoheng/custom_simulation/WM/runs/sparse_matched_025_100_20260701/r128_wrench_temporal_cnn_world_unet,space_filling,0.5,20260701,200,0.7749999761581421,0.7664703232553667,0.7709722749462216,0.7645028287904774,0.6187815290924924,0.8172781208755634,0.718129974563059,0.7438550447902689,0.6059630672728997
world_curve_unet,/home/guoheng/custom_simulation/WM/runs/sparse_matched_025_100_20260701/r128_wrench_temporal_cnn_world_curve_unet,space_filling,0.5,20260701,200,0.6499999761581421,0.7564542588067152,0.7236089796785747,0.7238726348312354,0.5672416833844051,0.745153942946339,0.703773146248735,0.7163541727452579,0.5735821865920174
sparse_unet,/home/guoheng/custom_simulation/WM/runs/sparse_matched_025_100_20260701/r128_wrench_temporal_cnn_sparse_unet,space_filling,0.5,20260702,200,0.6499999761581421,0.7293030429798564,0.6968599211142775,0.6950965910818442,0.5326804929248529,0.7196112678448292,0.6721971499685457,0.6880376860967888,0.5376976749345415
world_unet,/home/guoheng/custom_simulation/WM/runs/sparse_matched_025_100_20260701/r128_wrench_temporal_cnn_world_unet,space_filling,0.5,20260702,200,0.7749999761581421,0.7668465154463394,0.7711554932312887,0.7659737143337981,0.6207110198793531,0.8156091366637521,0.722033040671754,0.7467557604846664,0.6094812851296016
world_curve_unet,/home/guoheng/custom_simulation/WM/runs/sparse_matched_025_100_20260701/r128_wrench_temporal_cnn_world_curve_unet,space_filling,0.5,20260702,200,0.6499999761581421,0.7567198019860222,0.7237517951899024,0.7240658676426299,0.5674790330319573,0.7475971936795162,0.7019706791389733,0.7182614231000963,0.5762203807717475
sparse_unet,/home/guoheng/custom_simulation/WM/runs/sparse_matched_025_100_20260701/r128_wrench_temporal_cnn_sparse_unet,space_filling,0.5,20260703,200,0.675000011920929,0.7283616199576851,0.6978750945245623,0.6954626524985089,0.533110572748638,0.7298405699747382,0.6641776756653265,0.6940359904383695,0.5450237853740094
world_unet,/home/guoheng/custom_simulation/WM/runs/sparse_matched_025_100_20260701/r128_wrench_temporal_cnn_world_unet,space_filling,0.5,20260703,200,0.7749999761581421,0.765775911546419,0.7679930439923542,0.762452227235627,0.6160992278564722,0.8152906608284842,0.7160457864938049,0.7439765996738862,0.6055892360155289
world_curve_unet,/home/guoheng/custom_simulation/WM/runs/sparse_matched_025_100_20260701/r128_wrench_temporal_cnn_world_curve_unet,space_filling,0.5,20260703,200,0.6499999761581421,0.7587700071844462,0.7236900746178591,0.7240204897886064,0.5674232885359239,0.7475144067562116,0.7019583709417139,0.7191889472139742,0.5772818362247392
sparse_unet,/home/guoheng/custom_simulation/WM/runs/sparse_matched_025_100_20260701/r128_wrench_temporal_cnn_sparse_unet,space_filling,0.75,20260701,300,0.625,0.738720566740706,0.7118504460913457,0.708424363607953,0.5484962271252666,0.7520088956602939,0.6696151636990235,0.7086192685275696,0.5615701981265986
world_unet,/home/guoheng/custom_simulation/WM/runs/sparse_matched_025_100_20260701/r128_wrench_temporal_cnn_world_unet,space_filling,0.75,20260701,300,0.75,0.776529931483934,0.7815894546920416,0.7750941827006262,0.6327785955082854,0.8273780145212308,0.7290254642925522,0.7541742521154619,0.6190257303788613
world_curve_unet,/home/guoheng/custom_simulation/WM/runs/sparse_matched_025_100_20260701/r128_wrench_temporal_cnn_world_curve_unet,space_filling,0.75,20260701,300,0.625,0.7624303364879075,0.7295587917904235,0.7290499162131616,0.5736259240338795,0.7585241508368575,0.7017805858701895,0.7245910811349583,0.5835915787602444
sparse_unet,/home/guoheng/custom_simulation/WM/runs/sparse_matched_025_100_20260701/r128_wrench_temporal_cnn_sparse_unet,space_filling,0.75,20260702,300,0.625,0.739752328813463,0.710702665787296,0.7075247758921052,0.5474184438471229,0.7483221783615919,0.6709458165805093,0.7092384995874786,0.5624061977692155
world_unet,/home/guoheng/custom_simulation/WM/runs/sparse_matched_025_100_20260701/r128_wrench_temporal_cnn_world_unet,space_filling,0.75,20260702,300,0.75,0.7788098108844661,0.7797027422055084,0.7739453073318533,0.6312485992346634,0.8260862143347083,0.7279956784551845,0.7531439690521377,0.6176490029343409
world_curve_unet,/home/guoheng/custom_simulation/WM/runs/sparse_matched_025_100_20260701/r128_wrench_temporal_cnn_world_curve_unet,space_filling,0.75,20260702,300,0.6000000238418579,0.7635285987320225,0.7287952180091827,0.7291504512534661,0.573750411268307,0.7539693900504518,0.7059134049943929,0.7249795525580144,0.5843731927969315
sparse_unet,/home/guoheng/custom_simulation/WM/runs/sparse_matched_025_100_20260701/r128_wrench_temporal_cnn_sparse_unet,space_filling,0.75,20260703,300,0.6000000238418579,0.7386364749385715,0.707922266290978,0.7059786860997047,0.5455695965098305,0.7384878934697023,0.6762109898525751,0.7060444644660733,0.5581600404916861
world_unet,/home/guoheng/custom_simulation/WM/runs/sparse_matched_025_100_20260701/r128_wrench_temporal_cnn_world_unet,space_filling,0.75,20260703,300,0.75,0.7775071375411261,0.7804747332949561,0.773896030285634,0.6311830394496818,0.8268753857898722,0.7272968463663466,0.7532973974893384,0.617356127249856
world_curve_unet,/home/guoheng/custom_simulation/WM/runs/sparse_matched_025_100_20260701/r128_wrench_temporal_cnn_world_curve_unet,space_filling,0.75,20260703,300,0.6000000238418579,0.7633702091661292,0.7280278564301331,0.7282818069355869,0.5726754645073313,0.7528452056314342,0.7052706435819589,0.7245267036610141,0.5837422151954144
sparse_unet,/home/guoheng/custom_simulation/WM/runs/sparse_matched_025_100_20260701/r128_wrench_temporal_cnn_sparse_unet,space_filling,0.9,20260701,360,0.6000000238418579,0.7419119675296528,0.713314483436586,0.7104980588549409,0.5509864205586452,0.7521037032510388,0.6732542873553787,0.7121444777283394,0.5654847861675518
world_unet,/home/guoheng/custom_simulation/WM/runs/sparse_matched_025_100_20260701/r128_wrench_temporal_cnn_world_unet,space_filling,0.9,20260701,360,0.7250000238418579,0.781051749643264,0.784350117956818,0.7795143927743724,0.638691999446304,0.8256343197981189,0.7382743907442356,0.7576453628876674,0.623386069896568
world_curve_unet,/home/guoheng/custom_simulation/WM/runs/sparse_matched_025_100_20260701/r128_wrench_temporal_cnn_world_curve_unet,space_filling,0.9,20260701,360,0.574999988079071,0.7646048804927724,0.7308319738988581,0.7310605900271888,0.5761193830703492,0.7550001894287122,0.7085924892645168,0.7273806093955574,0.5871153829404144
sparse_unet,/home/guoheng/custom_simulation/WM/runs/sparse_matched_025_100_20260701/r128_wrench_temporal_cnn_sparse_unet,space_filling,0.9,20260702,360,0.6000000238418579,0.7425738733164432,0.7122900966743119,0.7095761404147252,0.5498783482217801,0.7516801830952086,0.6719386778260988,0.7122441048261875,0.5654425651492736
world_unet,/home/guoheng/custom_simulation/WM/runs/sparse_matched_025_100_20260701/r128_wrench_temporal_cnn_world_unet,space_filling,0.9,20260702,360,0.7250000238418579,0.7819753333844192,0.7838927893706161,0.7787796922446044,0.6377061430267259,0.8248188577563136,0.7376083805147562,0.7570183956516828,0.6224815266424066
world_curve_unet,/home/guoheng/custom_simulation/WM/runs/sparse_matched_025_100_20260701/r128_wrench_temporal_cnn_world_curve_unet,space_filling,0.9,20260702,360,0.574999988079071,0.7647297162397312,0.730051773732276,0.7301429557552855,0.57498043505327,0.7544451283726819,0.7073575668061596,0.7278058396541169,0.5880492794717838
sparse_unet,/home/guoheng/custom_simulation/WM/runs/sparse_matched_025_100_20260701/r128_wrench_temporal_cnn_sparse_unet,space_filling,0.9,20260703,360,0.6000000238418579,0.7423659701574806,0.7128270766568255,0.7100137379648803,0.5504041080598348,0.7497384555496083,0.674286808347693,0.7117145842006636,0.5649038076779312
world_unet,/home/guoheng/custom_simulation/WM/runs/sparse_matched_025_100_20260701/r128_wrench_temporal_cnn_world_unet,space_filling,0.9,20260703,360,0.75,0.7814507400912609,0.7834863981474426,0.7767079969375631,0.6349326203335933,0.8309934018452387,0.7290801673914827,0.7556391420752816,0.6205978896971923
world_curve_unet,/home/guoheng/custom_simulation/WM/runs/sparse_matched_025_100_20260701/r128_wrench_temporal_cnn_world_curve_unet,space_filling,0.9,20260703,360,0.574999988079071,0.764177799241658,0.7298305633185418,0.7301622722493197,0.5750043933114891,0.7548772955522102,0.7070143048603703,0.7269789270150662,0.5869001121273384
sparse_unet,/home/guoheng/custom_simulation/WM/runs/sparse_matched_025_100_20260701/r128_wrench_temporal_cnn_sparse_unet,raster_lines,0.1,20260701,40,0.05000000074505806,0.2529828202858524,0.1855558732882153,0.21561015542276338,0.12083130605007811,0.1404391211615399,0.4639342468750855,0.2048879265905932,0.12017185083703057
world_unet,/home/guoheng/custom_simulation/WM/runs/sparse_matched_025_100_20260701/r128_wrench_temporal_cnn_world_unet,raster_lines,0.1,20260701,40,0.17499999701976776,0.2670782696466133,0.23183712603897144,0.2397691436244549,0.1362146009178356,0.2976651368611473,0.20072755121577637,0.193563463431734,0.1194183349265613
world_curve_unet,/home/guoheng/custom_simulation/WM/runs/sparse_matched_025_100_20260701/r128_wrench_temporal_cnn_world_curve_unet,raster_lines,0.1,20260701,40,0.07500000298023224,0.32922212252337524,0.27084596950353107,0.2827369761507262,0.16464395507507437,0.26094661687882026,0.30849812641886165,0.25593058085821285,0.16083961512195838
sparse_unet,/home/guoheng/custom_simulation/WM/runs/sparse_matched_025_100_20260701/r128_wrench_temporal_cnn_sparse_unet,raster_lines,0.1,20260702,40,0.05000000074505806,0.24905602337832122,0.17609467338277873,0.21037281855721857,0.11755119766767169,0.13712474296325577,0.45160963868603154,0.19980100552618274,0.11714529644871986
world_unet,/home/guoheng/custom_simulation/WM/runs/sparse_matched_025_100_20260701/r128_wrench_temporal_cnn_world_unet,raster_lines,0.1,20260702,40,0.10000000149011612,0.2652728249324551,0.24858190531648303,0.2571540659869116,0.14754836383890055,0.28217452177478775,0.23620934875960722,0.2120941377437587,0.13095008662708774
world_curve_unet,/home/guoheng/custom_simulation/WM/runs/sparse_matched_025_100_20260701/r128_wrench_temporal_cnn_world_curve_unet,raster_lines,0.1,20260702,40,0.07500000298023224,0.32164136537230975,0.27253882634533416,0.28529129673743314,0.1663788701804633,0.26743386145270914,0.30570416564098357,0.2612823359665927,0.16320888224589147
sparse_unet,/home/guoheng/custom_simulation/WM/runs/sparse_matched_025_100_20260701/r128_wrench_temporal_cnn_sparse_unet,raster_lines,0.1,20260703,40,0.05000000074505806,0.2598389917565139,0.17296573591509667,0.21416849957087455,0.11992648775621387,0.13924751521962636,0.46361013101392196,0.20548369838255653,0.12046019261301662
world_unet,/home/guoheng/custom_simulation/WM/runs/sparse_matched_025_100_20260701/r128_wrench_temporal_cnn_world_unet,raster_lines,0.1,20260703,40,0.125,0.272852167305419,0.25703770259208225,0.26177800452840316,0.15060101943847526,0.29588714251481313,0.23472005689122288,0.22605246470657187,0.14191607690476465
world_curve_unet,/home/guoheng/custom_simulation/WM/runs/sparse_matched_025_100_20260701/r128_wrench_temporal_cnn_world_curve_unet,raster_lines,0.1,20260703,40,0.07500000298023224,0.34508700835973394,0.2808051923149071,0.28859329425868696,0.16862928799480184,0.26247156580437275,0.32048904570443915,0.26763975776996096,0.16690181604659102
sparse_unet,/home/guoheng/custom_simulation/WM/runs/sparse_matched_025_100_20260701/r128_wrench_temporal_cnn_sparse_unet,raster_lines,0.25,20260701,100,0.699999988079071,0.6316284124888099,0.5831707300180516,0.5853451609566239,0.4137724233513021,0.5944591806660772,0.5765063865868001,0.5731382473022127,0.41901937229779407
world_unet,/home/guoheng/custom_simulation/WM/runs/sparse_matched_025_100_20260701/r128_wrench_temporal_cnn_world_unet,raster_lines,0.25,20260701,100,0.4749999940395355,0.6646685621533098,0.6587035023272761,0.6598858013798883,0.49241012598729217,0.678982196541158,0.6418341949071414,0.632800599593013,0.47864522228795464
world_curve_unet,/home/guoheng/custom_simulation/WM/runs/sparse_matched_025_100_20260701/r128_wrench_temporal_cnn_world_curve_unet,raster_lines,0.25,20260701,100,0.6000000238418579,0.705572811230526,0.6610482988944414,0.6602326768510476,0.4927965217865255,0.678445627407152,0.642972019364897,0.6481741933392721,0.4975001013309267
sparse_unet,/home/guoheng/custom_simulation/WM/runs/sparse_matched_025_100_20260701/r128_wrench_temporal_cnn_sparse_unet,raster_lines,0.25,20260702,100,0.7250000238418579,0.6387929258513858,0.5945462650737252,0.5932010697287735,0.42166727381176367,0.6112266021786467,0.5762082546976286,0.5753143318147049,0.4236707449526431
world_unet,/home/guoheng/custom_simulation/WM/runs/sparse_matched_025_100_20260701/r128_wrench_temporal_cnn_world_unet,raster_lines,0.25,20260702,100,0.6000000238418579,0.6667548151654977,0.6567059359324777,0.6500318612156245,0.4815164466036715,0.7007558809625822,0.6061554662071607,0.6293317880919801,0.4755403744951254
world_curve_unet,/home/guoheng/custom_simulation/WM/runs/sparse_matched_025_100_20260701/r128_wrench_temporal_cnn_world_curve_unet,raster_lines,0.25,20260702,100,0.6000000238418579,0.7016552494482717,0.6720471038628757,0.6705923904588513,0.5044294809552877,0.6876719298396903,0.6543406909001395,0.6629688691685994,0.5111041932644014
sparse_unet,/home/guoheng/custom_simulation/WM/runs/sparse_matched_025_100_20260701/r128_wrench_temporal_cnn_sparse_unet,raster_lines,0.25,20260703,100,0.675000011920929,0.6409830861545166,0.5835398172783733,0.5848923654161449,0.4133200550417113,0.5915588112286219,0.5783744974152786,0.5701336938769707,0.41666593746062147
world_unet,/home/guoheng/custom_simulation/WM/runs/sparse_matched_025_100_20260701/r128_wrench_temporal_cnn_world_unet,raster_lines,0.25,20260703,100,0.44999998807907104,0.668404844201549,0.6560085487036842,0.6578473950793435,0.4901435147296334,0.6681390904539268,0.6478679467191817,0.6324117234289554,0.47693073343495096
world_curve_unet,/home/guoheng/custom_simulation/WM/runs/sparse_matched_025_100_20260701/r128_wrench_temporal_cnn_world_curve_unet,raster_lines,0.25,20260703,100,0.574999988079071,0.705556984159638,0.6677332879681742,0.6677837624939107,0.501257786606777,0.6748884404002877,0.66082711085583,0.6551605739664208,0.5027085333558938
sparse_unet,/home/guoheng/custom_simulation/WM/runs/sparse_matched_025_100_20260701/r128_wrench_temporal_cnn_sparse_unet,raster_lines,0.5,20260701,200,0.625,0.725831070644663,0.702693870772684,0.701818695478315,0.5406168560845976,0.7218554247870896,0.6828642542600039,0.6971807194546542,0.5477795191520031
world_unet,/home/guoheng/custom_simulation/WM/runs/sparse_matched_025_100_20260701/r128_wrench_temporal_cnn_world_unet,raster_lines,0.5,20260701,200,0.75,0.7655047812796486,0.768211030052931,0.7627962392112992,0.6165485940044564,0.8147213011849012,0.717093350838325,0.7431722758130733,0.6052564199152632
world_curve_unet,/home/guoheng/custom_simulation/WM/runs/sparse_matched_025_100_20260701/r128_wrench_temporal_cnn_world_curve_unet,raster_lines,0.5,20260701,200,0.6499999761581421,0.7562950816897631,0.7232784261884468,0.7247032245331586,0.5682624142665696,0.7421456400024081,0.7080618692048904,0.7184310563914846,0.5758121201791241
sparse_unet,/home/guoheng/custom_simulation/WM/runs/sparse_matched_025_100_20260701/r128_wrench_temporal_cnn_sparse_unet,raster_lines,0.5,20260702,200,0.625,0.7284112174923847,0.6970364157171518,0.6961286292563683,0.5338936377285038,0.7158710408384167,0.6774459123109324,0.6896873724850738,0.5401201177172797
world_unet,/home/guoheng/custom_simulation/WM/runs/sparse_matched_025_100_20260701/r128_wrench_temporal_cnn_world_unet,raster_lines,0.5,20260702,200,0.75,0.7623141175184318,0.7690372965751109,0.7637440699832675,0.6177879931163852,0.8134937196454683,0.7197286726293044,0.7417637168215981,0.6029459704394142
world_curve_unet,/home/guoheng/custom_simulation/WM/runs/sparse_matched_025_100_20260701/r128_wrench_temporal_cnn_world_curve_unet,raster_lines,0.5,20260702,200,0.6499999761581421,0.7542501123040222,0.7237520903933622,0.7253578501460263,0.5690678361994581,0.7435667269408255,0.7080194743032193,0.7174782628459844,0.5751081896718495
sparse_unet,/home/guoheng/custom_simulation/WM/runs/sparse_matched_025_100_20260701/r128_wrench_temporal_cnn_sparse_unet,raster_lines,0.5,20260703,200,0.6499999761581421,0.727298645013385,0.7007316594597547,0.6981605070583036,0.5362876997076713,0.7304389918859037,0.6686140969885944,0.695078396779674,0.5453669233265708
world_unet,/home/guoheng/custom_simulation/WM/runs/sparse_matched_025_100_20260701/r128_wrench_temporal_cnn_world_unet,raster_lines,0.5,20260703,200,0.75,0.7618633979353927,0.7699655832972867,0.7641151116393211,0.6182736910497144,0.8160921861745596,0.7183624627335139,0.744099141395957,0.6064833158331574
world_curve_unet,/home/guoheng/custom_simulation/WM/runs/sparse_matched_025_100_20260701/r128_wrench_temporal_cnn_world_curve_unet,raster_lines,0.5,20260703,200,0.675000011920929,0.7550558115450917,0.7263463761513747,0.7273287980319678,0.5714978047018285,0.753244317865504,0.7031372227236673,0.7203378390616418,0.5786978060674136
sparse_unet,/home/guoheng/custom_simulation/WM/runs/sparse_matched_025_100_20260701/r128_wrench_temporal_cnn_sparse_unet,raster_lines,0.75,20260701,300,0.625,0.7387865929925111,0.7082952669235003,0.7047696502756352,0.5441268809255556,0.745320682324882,0.6684034900577118,0.7064916082834861,0.5589042784924136
world_unet,/home/guoheng/custom_simulation/WM/runs/sparse_matched_025_100_20260701/r128_wrench_temporal_cnn_world_unet,raster_lines,0.75,20260701,300,0.75,0.7729407290243059,0.7790588527238839,0.7713545984340265,0.6278089654272049,0.8261033884461436,0.723411558764804,0.7509055515040524,0.6143787987130529
world_curve_unet,/home/guoheng/custom_simulation/WM/runs/sparse_matched_025_100_20260701/r128_wrench_temporal_cnn_world_curve_unet,raster_lines,0.75,20260701,300,0.6000000238418579,0.7615055386399127,0.7276109207556656,0.728438296451233,0.5728690117186247,0.7495792969230435,0.7084570990946637,0.7232422685046394,0.5822088128289983
sparse_unet,/home/guoheng/custom_simulation/WM/runs/sparse_matched_025_100_20260701/r128_wrench_temporal_cnn_sparse_unet,raster_lines,0.75,20260702,300,0.625,0.741059893656199,0.7067135422983208,0.7027733179958583,0.5417505881933552,0.7450126693976598,0.6650666010229479,0.7058037532790429,0.5581831806040204
world_unet,/home/guoheng/custom_simulation/WM/runs/sparse_matched_025_100_20260701/r128_wrench_temporal_cnn_world_unet,raster_lines,0.75,20260702,300,0.7250000238418579,0.7758548737216573,0.7794344424494374,0.7748182551629678,0.6324108716344206,0.820220805055354,0.7341784962118104,0.7531992517140889,0.6174572806019465
world_curve_unet,/home/guoheng/custom_simulation/WM/runs/sparse_matched_025_100_20260701/r128_wrench_temporal_cnn_world_curve_unet,raster_lines,0.75,20260702,300,0.625,0.7618182402564989,0.729232276672026,0.7292812514607127,0.5739124037471185,0.7563083720889239,0.7041191433494708,0.7263420050232906,0.5860029799367865
sparse_unet,/home/guoheng/custom_simulation/WM/runs/sparse_matched_025_100_20260701/r128_wrench_temporal_cnn_sparse_unet,raster_lines,0.75,20260703,300,0.6000000238418579,0.7389148674873961,0.7088061779292624,0.7060480009148477,0.5456523900531368,0.7395047311055216,0.6754875413692185,0.7087360262903184,0.5611472552661962
world_unet,/home/guoheng/custom_simulation/WM/runs/sparse_matched_025_100_20260701/r128_wrench_temporal_cnn_world_unet,raster_lines,0.75,20260703,300,0.699999988079071,0.7743140099008612,0.7809832256464582,0.7780899338370574,0.6367816710770091,0.8153580789363657,0.7440797571182407,0.7566208007350813,0.6216149381843302
world_curve_unet,/home/guoheng/custom_simulation/WM/runs/sparse_matched_025_100_20260701/r128_wrench_temporal_cnn_world_curve_unet,raster_lines,0.75,20260703,300,0.625,0.7615973583465986,0.7273971145136471,0.7283009182563099,0.572699098954841,0.7539581109983882,0.7043324854352999,0.7249767380451787,0.5843484929056
sparse_unet,/home/guoheng/custom_simulation/WM/runs/sparse_matched_025_100_20260701/r128_wrench_temporal_cnn_sparse_unet,raster_lines,0.9,20260701,360,0.6000000238418579,0.7386507769341661,0.7075163274434476,0.705488078365238,0.5449838402989129,0.7422216517806585,0.672219031208118,0.7077838849801978,0.5599519413967482
world_unet,/home/guoheng/custom_simulation/WM/runs/sparse_matched_025_100_20260701/r128_wrench_temporal_cnn_world_unet,raster_lines,0.9,20260701,360,0.699999988079071,0.7792245531781852,0.7817316108015315,0.7783647784307622,0.6371499156932644,0.8183699261909143,0.7420885643171685,0.7557533431100939,0.6211271612987841
world_curve_unet,/home/guoheng/custom_simulation/WM/runs/sparse_matched_025_100_20260701/r128_wrench_temporal_cnn_world_curve_unet,raster_lines,0.9,20260701,360,0.6000000238418579,0.7623400991500484,0.7282634859765764,0.7279687925763555,0.5722884692827419,0.7586688080101669,0.6996567380542108,0.7259109447434835,0.5853989109251052
sparse_unet,/home/guoheng/custom_simulation/WM/runs/sparse_matched_025_100_20260701/r128_wrench_temporal_cnn_sparse_unet,raster_lines,0.9,20260702,360,0.6000000238418579,0.740716851036549,0.7082615838262313,0.7054728233826361,0.5449656338819062,0.7462491418109696,0.6689218019200788,0.708418601573776,0.5609225654372527
world_unet,/home/guoheng/custom_simulation/WM/runs/sparse_matched_025_100_20260701/r128_wrench_temporal_cnn_world_unet,raster_lines,0.9,20260702,360,0.7250000238418579,0.7777313468475767,0.7808333995873833,0.7765511359085356,0.6347230020808463,0.8220068531761248,0.7358592489264517,0.7553097541294528,0.6203930342096464
world_curve_unet,/home/guoheng/custom_simulation/WM/runs/sparse_matched_025_100_20260701/r128_wrench_temporal_cnn_world_curve_unet,raster_lines,0.9,20260702,360,0.6000000238418579,0.7632266600185461,0.7286378212993757,0.7284804292534154,0.572921129971819,0.7589602760108839,0.7003542025655753,0.7257096221051637,0.585283443175869
sparse_unet,/home/guoheng/custom_simulation/WM/runs/sparse_matched_025_100_20260701/r128_wrench_temporal_cnn_sparse_unet,raster_lines,0.9,20260703,360,0.6000000238418579,0.7418601150546149,0.7124292101341282,0.7095650697790176,0.549865051822107,0.7484302592006992,0.6745370750253001,0.7118314148459348,0.5647097148971906
world_unet,/home/guoheng/custom_simulation/WM/runs/sparse_matched_025_100_20260701/r128_wrench_temporal_cnn_world_unet,raster_lines,0.9,20260703,360,0.7250000238418579,0.7797083281756659,0.7821300706534823,0.7774552316768849,0.6359319117149955,0.824081873960417,0.7358223243346735,0.7555492891969713,0.6208802500005972
world_curve_unet,/home/guoheng/custom_simulation/WM/runs/sparse_matched_025_100_20260701/r128_wrench_temporal_cnn_world_curve_unet,raster_lines,0.9,20260703,360,0.6000000238418579,0.7630651765825998,0.7301041389256847,0.7299672519380562,0.5747625429753511,0.7609212318300907,0.7014332211919805,0.7273855020348133,0.5872407337377084
sparse_unet,/home/guoheng/custom_simulation/WM/runs/sparse_matched_025_100_20260701/r128_wrench_temporal_cnn_sparse_unet,local_block,0.1,20260701,40,0.05000000074505806,0.23946109579494326,0.1645631032507593,0.20066076061820962,0.11151913781814252,0.13069532156045666,0.43183720357758265,0.19807479854598736,0.11538767680430688
world_unet,/home/guoheng/custom_simulation/WM/runs/sparse_matched_025_100_20260701/r128_wrench_temporal_cnn_world_unet,local_block,0.1,20260701,40,0.5,0.28901473206377504,0.26510704971967397,0.26510704971967397,0.15280888061527811,0.3781765379664075,0.20408768906758568,0.21548457430956622,0.1380622341322507
world_curve_unet,/home/guoheng/custom_simulation/WM/runs/sparse_matched_025_100_20260701/r128_wrench_temporal_cnn_world_curve_unet,local_block,0.1,20260701,40,0.20000000298023224,0.327078088111651,0.26593856655290105,0.2706294434959643,0.15649014173286738,0.24640468499662616,0.3001367577473264,0.25337303624888635,0.15918884282607715
sparse_unet,/home/guoheng/custom_simulation/WM/runs/sparse_matched_025_100_20260701/r128_wrench_temporal_cnn_sparse_unet,local_block,0.1,20260702,40,0.05000000074505806,0.23997459549258454,0.15505188093957514,0.1993601219918254,0.11071626504926285,0.13034155944951697,0.4237384097809141,0.19651676675013272,0.11474109422200128
world_unet,/home/guoheng/custom_simulation/WM/runs/sparse_matched_025_100_20260701/r128_wrench_temporal_cnn_world_unet,local_block,0.1,20260702,40,0.2750000059604645,0.27847769067787187,0.2877354516670294,0.28810867169877147,0.16829845851527975,0.34721276632676873,0.24619950220179973,0.23185129903713428,0.14817345604692833
world_curve_unet,/home/guoheng/custom_simulation/WM/runs/sparse_matched_025_100_20260701/r128_wrench_temporal_cnn_world_curve_unet,local_block,0.1,20260702,40,0.15000000596046448,0.32142127103450974,0.29132467136575113,0.292814376152478,0.1715187687045746,0.2554926971226643,0.3429050080687071,0.26998107287614276,0.1696297972418158
sparse_unet,/home/guoheng/custom_simulation/WM/runs/sparse_matched_025_100_20260701/r128_wrench_temporal_cnn_sparse_unet,local_block,0.1,20260703,40,0.05000000074505806,0.23956311704681676,0.15615015686415926,0.19874472038503063,0.11033678714741293,0.12916171462376022,0.43086212083914555,0.19739842322776,0.11471057591177632
world_unet,/home/guoheng/custom_simulation/WM/runs/sparse_matched_025_100_20260701/r128_wrench_temporal_cnn_world_unet,local_block,0.1,20260703,40,0.375,0.2911956063649535,0.28130882774750127,0.2821516418593,0.1642471179264534,0.3661404266645722,0.22950548398566778,0.223467424954635,0.14374824591392202
world_curve_unet,/home/guoheng/custom_simulation/WM/runs/sparse_matched_025_100_20260701/r128_wrench_temporal_cnn_world_curve_unet,local_block,0.1,20260703,40,0.25,0.3268449746370727,0.2753821850307521,0.27706240181504743,0.16080814656718959,0.2594270096731652,0.29727031536336535,0.2518528940532093,0.15778898462226082
sparse_unet,/home/guoheng/custom_simulation/WM/runs/sparse_matched_025_100_20260701/r128_wrench_temporal_cnn_sparse_unet,local_block,0.25,20260701,100,0.125,0.3025262297662335,0.25470985033891314,0.2608610625293065,0.14999437762499196,0.16986255720581359,0.5618596318481442,0.25874275885371506,0.1564168060750922
world_unet,/home/guoheng/custom_simulation/WM/runs/sparse_matched_025_100_20260701/r128_wrench_temporal_cnn_world_unet,local_block,0.25,20260701,100,0.6499999761581421,0.47413572685757777,0.4602632831236638,0.4590161496103072,0.2978721350611355,0.5798911818007199,0.3798405404666174,0.3843341920947989,0.2689143482030416
world_curve_unet,/home/guoheng/custom_simulation/WM/runs/sparse_matched_025_100_20260701/r128_wrench_temporal_cnn_world_curve_unet,local_block,0.25,20260701,100,0.7250000238418579,0.45262836043925725,0.40424134231547804,0.40846734229395354,0.2566503051735661,0.42117144272435025,0.3965072071332841,0.38233581131938005,0.25706681481617566
sparse_unet,/home/guoheng/custom_simulation/WM/runs/sparse_matched_025_100_20260701/r128_wrench_temporal_cnn_sparse_unet,local_block,0.25,20260702,100,0.22499999403953552,0.301081035978792,0.25292957323716037,0.25884711702114976,0.1486642095312741,0.17404841549544825,0.5047851535789503,0.25764472949443074,0.1557221237165472
world_unet,/home/guoheng/custom_simulation/WM/runs/sparse_matched_025_100_20260701/r128_wrench_temporal_cnn_world_unet,local_block,0.25,20260702,100,0.6000000238418579,0.4610940894616778,0.4779516157735181,0.4776157047374837,0.3137287386790369,0.5840397937557334,0.4039987965318235,0.3978586086380206,0.27815222372064696
world_curve_unet,/home/guoheng/custom_simulation/WM/runs/sparse_matched_025_100_20260701/r128_wrench_temporal_cnn_world_curve_unet,local_block,0.25,20260702,100,0.675000011920929,0.45334478316874194,0.4113331764945802,0.41626052730783314,0.26283396637215856,0.4113258333355586,0.42131506249829054,0.3867057160009126,0.2596029847220793
sparse_unet,/home/guoheng/custom_simulation/WM/runs/sparse_matched_025_100_20260701/r128_wrench_temporal_cnn_sparse_unet,local_block,0.25,20260703,100,0.10000000149011612,0.2965987578991551,0.25242276372162387,0.2589798758319055,0.14875179915318495,0.16735863175285867,0.5722737343070485,0.2583002959941256,0.15670956394776606
world_unet,/home/guoheng/custom_simulation/WM/runs/sparse_matched_025_100_20260701/r128_wrench_temporal_cnn_world_unet,local_block,0.25,20260703,100,0.675000011920929,0.47231002923917736,0.4709424777086933,0.46869195487851684,0.30607293964901366,0.5990214793580666,0.38494023686441836,0.39329026641672643,0.2760589555590714
world_curve_unet,/home/guoheng/custom_simulation/WM/runs/sparse_matched_025_100_20260701/r128_wrench_temporal_cnn_world_curve_unet,local_block,0.25,20260703,100,0.699999988079071,0.449843311374719,0.40908061840003723,0.41339536787548287,0.260553486045186,0.418063381118798,0.40883044774486477,0.38984573145725265,0.26223634533833623
sparse_unet,/home/guoheng/custom_simulation/WM/runs/sparse_matched_025_100_20260701/r128_wrench_temporal_cnn_sparse_unet,local_block,0.5,20260701,200,0.8999999761581421,0.47446960070028465,0.403001017270888,0.40835807264781054,0.2565640334237384,0.37542797956938806,0.4476204151965209,0.40031074970435493,0.2648670241787869
world_unet,/home/guoheng/custom_simulation/WM/runs/sparse_matched_025_100_20260701/r128_wrench_temporal_cnn_world_unet,local_block,0.5,20260701,200,0.824999988079071,0.6911976990507496,0.6806726523600543,0.6751191706238928,0.5095697331070974,0.7553255229049107,0.6103115341484096,0.6308719965506577,0.4839995311773461
world_curve_unet,/home/guoheng/custom_simulation/WM/runs/sparse_matched_025_100_20260701/r128_wrench_temporal_cnn_world_curve_unet,local_block,0.5,20260701,200,0.699999988079071,0.690466487243323,0.6377927940833391,0.6421598946263715,0.4729274765747712,0.6946284325065671,0.597061076009956,0.6224251801693552,0.47155193861974665
sparse_unet,/home/guoheng/custom_simulation/WM/runs/sparse_matched_025_100_20260701/r128_wrench_temporal_cnn_sparse_unet,local_block,0.5,20260702,200,0.8999999761581421,0.47846092396523443,0.3918657529972671,0.3965589024479666,0.24731741194197362,0.3634050617629841,0.4363693553239791,0.3860377930581322,0.25329436131552063
world_unet,/home/guoheng/custom_simulation/WM/runs/sparse_matched_025_100_20260701/r128_wrench_temporal_cnn_world_unet,local_block,0.5,20260702,200,0.7749999761581421,0.6818570302783626,0.6882301046280932,0.6854249014759519,0.521404142103041,0.7399300029799456,0.6383988402943027,0.6343799028757912,0.4881660035419284
world_curve_unet,/home/guoheng/custom_simulation/WM/runs/sparse_matched_025_100_20260701/r128_wrench_temporal_cnn_world_curve_unet,local_block,0.5,20260702,200,0.699999988079071,0.6827299631898561,0.6452242709265941,0.6473096571728914,0.478534988148153,0.6975670564368965,0.6038073356855665,0.6226900278039019,0.47130140719832253
sparse_unet,/home/guoheng/custom_simulation/WM/runs/sparse_matched_025_100_20260701/r128_wrench_temporal_cnn_sparse_unet,local_block,0.5,20260703,200,0.8999999761581421,0.4734915757553187,0.39972241561828886,0.4093848466236224,0.2573751707033764,0.37656455976446057,0.44847241596236426,0.39974630324253885,0.2639660553454204
world_unet,/home/guoheng/custom_simulation/WM/runs/sparse_matched_025_100_20260701/r128_wrench_temporal_cnn_world_unet,local_block,0.5,20260703,200,0.800000011920929,0.6903554860770293,0.6913099003038089,0.6883612697333914,0.5248101126088832,0.7485051008113102,0.6371639178359454,0.6390855077892355,0.49452877350520125
world_curve_unet,/home/guoheng/custom_simulation/WM/runs/sparse_matched_025_100_20260701/r128_wrench_temporal_cnn_world_curve_unet,local_block,0.5,20260703,200,0.675000011920929,0.6894936453338288,0.6431167501900515,0.6466145128887638,0.4777755628730323,0.6842008045003167,0.6129427532069692,0.6184154788165956,0.46907658461939583
sparse_unet,/home/guoheng/custom_simulation/WM/runs/sparse_matched_025_100_20260701/r128_wrench_temporal_cnn_sparse_unet,local_block,0.75,20260701,300,0.675000011920929,0.7018090353771274,0.6436338434016372,0.64327735146548,0.4741406448549552,0.6683793219359442,0.6199926150816444,0.6440427630898152,0.4927566601805235
world_unet,/home/guoheng/custom_simulation/WM/runs/sparse_matched_025_100_20260701/r128_wrench_temporal_cnn_world_unet,local_block,0.75,20260701,300,0.800000011920929,0.7651499191547857,0.7647163923650463,0.758351178122106,0.6107614043197502,0.8159959037378393,0.708313503459971,0.7332567693811821,0.59381544041744
world_curve_unet,/home/guoheng/custom_simulation/WM/runs/sparse_matched_025_100_20260701/r128_wrench_temporal_cnn_world_curve_unet,local_block,0.75,20260701,300,0.6000000238418579,0.7563923457289388,0.7143926100332071,0.7144817462799309,0.5557927662344299,0.7474582702195612,0.6842920051420913,0.7089076207114247,0.5655488760733633
sparse_unet,/home/guoheng/custom_simulation/WM/runs/sparse_matched_025_100_20260701/r128_wrench_temporal_cnn_sparse_unet,local_block,0.75,20260702,300,0.699999988079071,0.702237456114663,0.6383392417645457,0.6381839161580977,0.46862709563370564,0.6755707521874441,0.6047181422827603,0.6386652825462492,0.4866740201555095
world_unet,/home/guoheng/custom_simulation/WM/runs/sparse_matched_025_100_20260701/r128_wrench_temporal_cnn_world_unet,local_block,0.75,20260702,300,0.800000011920929,0.7657334520176554,0.7674102100782573,0.7616566506249411,0.615060961089118,0.8167887542681085,0.7134966220836411,0.7327880387776736,0.5944179687130917
world_curve_unet,/home/guoheng/custom_simulation/WM/runs/sparse_matched_025_100_20260701/r128_wrench_temporal_cnn_world_curve_unet,local_block,0.75,20260702,300,0.6000000238418579,0.7590961964694601,0.7173451866622356,0.7168631484915339,0.5586801966203244,0.7481269245580672,0.6881075462924975,0.7099620917502213,0.5667369543217021
sparse_unet,/home/guoheng/custom_simulation/WM/runs/sparse_matched_025_100_20260701/r128_wrench_temporal_cnn_sparse_unet,local_block,0.75,20260703,300,0.699999988079071,0.6998089508023738,0.6402904963638348,0.6396556104772024,0.4702159360554209,0.6773160009049386,0.6059626377834304,0.6381820883715807,0.48555012005680526
world_unet,/home/guoheng/custom_simulation/WM/runs/sparse_matched_025_100_20260701/r128_wrench_temporal_cnn_world_unet,local_block,0.75,20260703,300,0.800000011920929,0.7656459840682055,0.766843187528811,0.7608504902550727,0.6140102419212432,0.8152081662892056,0.7132887503077049,0.7282893888205598,0.5908683038398561
world_curve_unet,/home/guoheng/custom_simulation/WM/runs/sparse_matched_025_100_20260701/r128_wrench_temporal_cnn_world_curve_unet,local_block,0.75,20260703,300,0.6000000238418579,0.7596705103626314,0.7161323267593194,0.7162631280783631,0.5579516673118399,0.7447158408153504,0.6899045430923662,0.7035165654694105,0.5616180411855893
sparse_unet,/home/guoheng/custom_simulation/WM/runs/sparse_matched_025_100_20260701/r128_wrench_temporal_cnn_sparse_unet,local_block,0.9,20260701,360,0.6000000238418579,0.7442871699275677,0.7118871725990598,0.7081625306790292,0.5481823739415617,0.7561767652060475,0.6658816771970132,0.7136700587250252,0.5671703285222247
world_unet,/home/guoheng/custom_simulation/WM/runs/sparse_matched_025_100_20260701/r128_wrench_temporal_cnn_world_unet,local_block,0.9,20260701,360,0.7250000238418579,0.7795528406512293,0.7821984935779274,0.7773107789233192,0.6357386370338913,0.822264468761634,0.7370175870463062,0.7545954740805001,0.6191589763924996
world_curve_unet,/home/guoheng/custom_simulation/WM/runs/sparse_matched_025_100_20260701/r128_wrench_temporal_cnn_world_curve_unet,local_block,0.9,20260701,360,0.6000000238418579,0.7647024318355128,0.7289970436596177,0.7285452170001928,0.5730012791184751,0.7621446816138139,0.6977831569158393,0.7271092005926607,0.586750456297511
sparse_unet,/home/guoheng/custom_simulation/WM/runs/sparse_matched_025_100_20260701/r128_wrench_temporal_cnn_sparse_unet,local_block,0.9,20260702,360,0.6000000238418579,0.7439749176739692,0.7110603683234016,0.7072981072509269,0.547147111966224,0.7562999040845053,0.6642597303137223,0.7129042933750626,0.5664203517500421
world_unet,/home/guoheng/custom_simulation/WM/runs/sparse_matched_025_100_20260701/r128_wrench_temporal_cnn_world_unet,local_block,0.9,20260702,360,0.7250000238418579,0.7791987760763622,0.7823247790563742,0.7778091031996395,0.6364055772595819,0.8226308043101936,0.7376193211345423,0.754968308960965,0.6195593470821974
world_curve_unet,/home/guoheng/custom_simulation/WM/runs/sparse_matched_025_100_20260701/r128_wrench_temporal_cnn_world_curve_unet,local_block,0.9,20260702,360,0.574999988079071,0.7645040649022741,0.7293886452882533,0.7292433821996804,0.5738655002733735,0.7571154757733765,0.7033505648094964,0.7272409069822087,0.5867589038371988
sparse_unet,/home/guoheng/custom_simulation/WM/runs/sparse_matched_025_100_20260701/r128_wrench_temporal_cnn_sparse_unet,local_block,0.9,20260703,360,0.6000000238418579,0.7441651481162299,0.711555723681117,0.7078808176043392,0.5478448329293346,0.7568771845151446,0.6648423183173326,0.7135570001768885,0.5670253736402795
world_unet,/home/guoheng/custom_simulation/WM/runs/sparse_matched_025_100_20260701/r128_wrench_temporal_cnn_world_unet,local_block,0.9,20260703,360,0.7250000238418579,0.779796093730645,0.7825536699456374,0.7782612455500627,0.6370111799395762,0.8225900310767168,0.7384658515904926,0.7556319147981185,0.6205118988975517
world_curve_unet,/home/guoheng/custom_simulation/WM/runs/sparse_matched_025_100_20260701/r128_wrench_temporal_cnn_world_curve_unet,local_block,0.9,20260703,360,0.574999988079071,0.7651293358542346,0.7289977919248131,0.7288447664175328,0.5733719589569297,0.7564084836467089,0.7032192773720631,0.7270705319402272,0.5866771667119586
sparse_unet,/home/guoheng/custom_simulation/WM/runs/sparse_matched_025_100_20260701/r128_wrench_temporal_cnn_sparse_unet,missing_block,0.1,20260701,40,0.05000000074505806,0.1943778667507168,0.09940921940199894,0.1637682067462759,0.08918710989971787,0.13458422339988257,0.20911353628183035,0.1551449673696531,0.08924867978677917
world_unet,/home/guoheng/custom_simulation/WM/runs/sparse_matched_025_100_20260701/r128_wrench_temporal_cnn_world_unet,missing_block,0.1,20260701,40,0.05000000074505806,0.15690471194423072,0.09725870833475488,0.13854352263839262,0.07442748424328542,0.17031726273120443,0.11676102951232187,0.1332024699123565,0.07678883675438584
world_curve_unet,/home/guoheng/custom_simulation/WM/runs/sparse_matched_025_100_20260701/r128_wrench_temporal_cnn_world_curve_unet,missing_block,0.1,20260701,40,0.05000000074505806,0.21064069283958559,0.13724764310371,0.1800644485269541,0.09894001377203215,0.2190183604334716,0.15287464784880064,0.17395645676876914,0.1032654588245315
sparse_unet,/home/guoheng/custom_simulation/WM/runs/sparse_matched_025_100_20260701/r128_wrench_temporal_cnn_sparse_unet,missing_block,0.1,20260702,40,0.05000000074505806,0.2007758781513074,0.10469695851822183,0.16416291246895395,0.08942128557263813,0.13524696169790595,0.208805831350346,0.15290133245549023,0.08800567827397686
world_unet,/home/guoheng/custom_simulation/WM/runs/sparse_matched_025_100_20260701/r128_wrench_temporal_cnn_world_unet,missing_block,0.1,20260702,40,0.05000000074505806,0.1505183898922003,0.10504871416759719,0.14431026111438786,0.0777663733814952,0.17846693855180862,0.12112770438445337,0.14078466618188204,0.08195008212817433
world_curve_unet,/home/guoheng/custom_simulation/WM/runs/sparse_matched_025_100_20260701/r128_wrench_temporal_cnn_world_curve_unet,missing_block,0.1,20260702,40,0.05000000074505806,0.21110156779250944,0.13135652778398238,0.16774672547329075,0.09155214937008178,0.20335235364135973,0.14275183939170155,0.16040097555148772,0.09447776669567802
sparse_unet,/home/guoheng/custom_simulation/WM/runs/sparse_matched_025_100_20260701/r128_wrench_temporal_cnn_sparse_unet,missing_block,0.1,20260703,40,0.05000000074505806,0.19786165586795212,0.10514158812299167,0.1672704771493837,0.09126850146944335,0.136819292992628,0.21515686113618337,0.15994026816125304,0.09269496922703013
world_unet,/home/guoheng/custom_simulation/WM/runs/sparse_matched_025_100_20260701/r128_wrench_temporal_cnn_world_unet,missing_block,0.1,20260703,40,0.05000000074505806,0.15300844250363901,0.10786405547512001,0.1441260240655402,0.07765938093558891,0.17365143628301524,0.1231818057492957,0.14045666040212676,0.08168558184709994
world_curve_unet,/home/guoheng/custom_simulation/WM/runs/sparse_matched_025_100_20260701/r128_wrench_temporal_cnn_world_curve_unet,missing_block,0.1,20260703,40,0.05000000074505806,0.1998982854044151,0.13782313470595947,0.1848010750107981,0.10180761594043883,0.22258381502890173,0.15798391728891442,0.17975784259142166,0.10714104295325494
sparse_unet,/home/guoheng/custom_simulation/WM/runs/sparse_matched_025_100_20260701/r128_wrench_temporal_cnn_sparse_unet,missing_block,0.25,20260701,100,0.10000000149011612,0.3206135877424505,0.2723134793335273,0.28172495622766935,0.16395800966134358,0.19208636921756367,0.5282254314706928,0.26954932112039065,0.16439459905991932
world_unet,/home/guoheng/custom_simulation/WM/runs/sparse_matched_025_100_20260701/r128_wrench_temporal_cnn_world_unet,missing_block,0.25,20260701,100,0.05000000074505806,0.35254163501901925,0.2835760364897513,0.3467708924775197,0.2097536819909907,0.4372372572360918,0.287322556822844,0.3359965491824092,0.21881075328657418
world_curve_unet,/home/guoheng/custom_simulation/WM/runs/sparse_matched_025_100_20260701/r128_wrench_temporal_cnn_world_curve_unet,missing_block,0.25,20260701,100,0.07500000298023224,0.44002003399965967,0.4065387710590608,0.4190684962742572,0.265076946905447,0.3981075669016208,0.4423593446568748,0.41397538484680224,0.27684253206681503
sparse_unet,/home/guoheng/custom_simulation/WM/runs/sparse_matched_025_100_20260701/r128_wrench_temporal_cnn_sparse_unet,missing_block,0.25,20260702,100,0.125,0.32649573414674354,0.2668499261925682,0.27717541802670187,0.16088429485329794,0.1896551897907474,0.5146891496403271,0.26588093884026326,0.16134446306666092
world_unet,/home/guoheng/custom_simulation/WM/runs/sparse_matched_025_100_20260701/r128_wrench_temporal_cnn_world_unet,missing_block,0.25,20260702,100,0.05000000074505806,0.37774226267783023,0.2687121821820491,0.3412079086185698,0.2056966092323326,0.43103815416990254,0.282362353327316,0.3406296198663374,0.2215969915360985
world_curve_unet,/home/guoheng/custom_simulation/WM/runs/sparse_matched_025_100_20260701/r128_wrench_temporal_cnn_world_curve_unet,missing_block,0.25,20260702,100,0.10000000149011612,0.4623397466274919,0.395322991161723,0.4097438512428808,0.25765902654306366,0.3977104945748788,0.42252810371707555,0.4041462827117077,0.26758198520525317
sparse_unet,/home/guoheng/custom_simulation/WM/runs/sparse_matched_025_100_20260701/r128_wrench_temporal_cnn_sparse_unet,missing_block,0.25,20260703,100,0.17499999701976776,0.3220739863136718,0.26904640960054077,0.2793473532931079,0.16234964902866525,0.19707401129435462,0.47954514373239243,0.2670059412745931,0.16159915357307658
world_unet,/home/guoheng/custom_simulation/WM/runs/sparse_matched_025_100_20260701/r128_wrench_temporal_cnn_world_unet,missing_block,0.25,20260703,100,0.05000000074505806,0.36313646858670556,0.269140559985378,0.33950316288877175,0.20445878323948302,0.4268152259454086,0.2818467766198955,0.32775466986991153,0.21320508176447142
world_curve_unet,/home/guoheng/custom_simulation/WM/runs/sparse_matched_025_100_20260701/r128_wrench_temporal_cnn_world_curve_unet,missing_block,0.25,20260703,100,0.10000000149011612,0.4488566316747355,0.3942797571017122,0.41058887448655534,0.25832767110769933,0.401013567250852,0.42063264133913186,0.40277055434103576,0.269068834667755
sparse_unet,/home/guoheng/custom_simulation/WM/runs/sparse_matched_025_100_20260701/r128_wrench_temporal_cnn_sparse_unet,missing_block,0.5,20260701,200,0.824999988079071,0.4372706594196623,0.3780054100348515,0.38351536137811043,0.23725271011858848,0.31399784841621464,0.49256721643281093,0.36591010134765034,0.23559419135350132
world_unet,/home/guoheng/custom_simulation/WM/runs/sparse_matched_025_100_20260701/r128_wrench_temporal_cnn_world_unet,missing_block,0.5,20260701,200,0.10000000149011612,0.5294106196688507,0.527841406501978,0.5479858945654529,0.37739708761400503,0.5623077952559876,0.5343754273679604,0.5381385937008009,0.38803580990847003
world_curve_unet,/home/guoheng/custom_simulation/WM/runs/sparse_matched_025_100_20260701/r128_wrench_temporal_cnn_world_curve_unet,missing_block,0.5,20260701,200,0.3499999940395355,0.6235962377153229,0.6088769589621851,0.6110980497604611,0.4399864581189962,0.6296208730161033,0.5936339268619567,0.6098000255556116,0.460093143201601
sparse_unet,/home/guoheng/custom_simulation/WM/runs/sparse_matched_025_100_20260701/r128_wrench_temporal_cnn_sparse_unet,missing_block,0.5,20260702,200,0.800000011920929,0.4397399750868919,0.3834412107335775,0.3870701696042567,0.2399795467291261,0.30921664636688384,0.5173190011214135,0.37015293442412783,0.23955647094818858
world_unet,/home/guoheng/custom_simulation/WM/runs/sparse_matched_025_100_20260701/r128_wrench_temporal_cnn_world_unet,missing_block,0.5,20260702,200,0.125,0.5403745449463079,0.512189276632005,0.5304812647697446,0.36098979349632093,0.5659819135871386,0.4991712480512021,0.5267286047394562,0.37757945222933303
world_curve_unet,/home/guoheng/custom_simulation/WM/runs/sparse_matched_025_100_20260701/r128_wrench_temporal_cnn_world_curve_unet,missing_block,0.5,20260702,200,0.2750000059604645,0.6348103008076942,0.6030676619492076,0.6024667286056914,0.4310929413541725,0.6119485517120746,0.5932742539864884,0.5974039390742831,0.446772494581856
sparse_unet,/home/guoheng/custom_simulation/WM/runs/sparse_matched_025_100_20260701/r128_wrench_temporal_cnn_sparse_unet,missing_block,0.5,20260703,200,0.75,0.43059544561313545,0.3808901788591994,0.3871311482335423,0.24002642732516397,0.30407377883059117,0.5326139875823965,0.37050009090067604,0.2403784130528963
world_unet,/home/guoheng/custom_simulation/WM/runs/sparse_matched_025_100_20260701/r128_wrench_temporal_cnn_world_unet,missing_block,0.5,20260703,200,0.10000000149011612,0.5376053967311483,0.5151244968661176,0.5364208322994349,0.3665130278823303,0.5586440366727926,0.5158980881266924,0.5298612008285103,0.37988920206002225
world_curve_unet,/home/guoheng/custom_simulation/WM/runs/sparse_matched_025_100_20260701/r128_wrench_temporal_cnn_world_curve_unet,missing_block,0.5,20260703,200,0.32499998807907104,0.6284699484902859,0.5967841370230723,0.5982551046638953,0.4267931395037812,0.6222108649605171,0.576075599682722,0.6009721513302074,0.4487307830148561
sparse_unet,/home/guoheng/custom_simulation/WM/runs/sparse_matched_025_100_20260701/r128_wrench_temporal_cnn_sparse_unet,missing_block,0.75,20260701,300,0.625,0.5277256344702874,0.46245410628019323,0.46057547221619305,0.2991867830501887,0.3728983083144545,0.6021566696753371,0.42254739050005424,0.2816632376969939
world_unet,/home/guoheng/custom_simulation/WM/runs/sparse_matched_025_100_20260701/r128_wrench_temporal_cnn_world_unet,missing_block,0.75,20260701,300,0.675000011920929,0.6381438009779388,0.6552554205224762,0.6517910384189454,0.48344956679014,0.7342617916606688,0.5859754930116791,0.6332179292759386,0.4875330377551074
world_curve_unet,/home/guoheng/custom_simulation/WM/runs/sparse_matched_025_100_20260701/r128_wrench_temporal_cnn_world_curve_unet,missing_block,0.75,20260701,300,0.4749999940395355,0.6742267345313154,0.6562359022114022,0.6563573265502295,0.4884909801688924,0.6919433003833636,0.6242526189108613,0.6477575196661918,0.4999909733293717
sparse_unet,/home/guoheng/custom_simulation/WM/runs/sparse_matched_025_100_20260701/r128_wrench_temporal_cnn_sparse_unet,missing_block,0.75,20260702,300,0.6499999761581421,0.529817227910533,0.4777644296455723,0.47521803216647884,0.3116629407951945,0.38832537728001,0.6122069965263532,0.43829394405443284,0.29652136970472603
world_unet,/home/guoheng/custom_simulation/WM/runs/sparse_matched_025_100_20260701/r128_wrench_temporal_cnn_world_unet,missing_block,0.75,20260702,300,0.675000011920929,0.6488772685327592,0.6402537639121887,0.6368559241134214,0.46719634070904437,0.7331444163819851,0.5629236071223435,0.6155657423942459,0.4727211684154568
world_curve_unet,/home/guoheng/custom_simulation/WM/runs/sparse_matched_025_100_20260701/r128_wrench_temporal_cnn_world_curve_unet,missing_block,0.75,20260702,300,0.5,0.6774223716752782,0.6468764283502647,0.6468764283502647,0.4780616064219394,0.7017001471434969,0.5999986324225267,0.6358822170202035,0.48972532986180417
sparse_unet,/home/guoheng/custom_simulation/WM/runs/sparse_matched_025_100_20260701/r128_wrench_temporal_cnn_sparse_unet,missing_block,0.75,20260703,300,0.6000000238418579,0.5297570893219228,0.4689289053841029,0.4679081662633899,0.3054047779382854,0.3774976358832231,0.6152635321790979,0.4292611211798566,0.28897817675857107
world_unet,/home/guoheng/custom_simulation/WM/runs/sparse_matched_025_100_20260701/r128_wrench_temporal_cnn_world_unet,missing_block,0.75,20260703,300,0.675000011920929,0.6507711596894405,0.6436022739335903,0.6398538913521058,0.47043026281064565,0.7325200355560573,0.5680000547030989,0.632207026347495,0.48429525499437354
world_curve_unet,/home/guoheng/custom_simulation/WM/runs/sparse_matched_025_100_20260701/r128_wrench_temporal_cnn_world_curve_unet,missing_block,0.75,20260703,300,0.4749999940395355,0.6829929631381179,0.6570554339243678,0.6572975261818805,0.4895332651862807,0.7050076347832896,0.6156355132518258,0.6545385980334079,0.505225267602965
sparse_unet,/home/guoheng/custom_simulation/WM/runs/sparse_matched_025_100_20260701/r128_wrench_temporal_cnn_sparse_unet,missing_block,0.9,20260701,360,0.699999988079071,0.6696666033583495,0.6221068567518163,0.6221791441318352,0.45156751799913797,0.6155129865958632,0.6289912748557206,0.5921244101842954,0.4373017593168913
world_unet,/home/guoheng/custom_simulation/WM/runs/sparse_matched_025_100_20260701/r128_wrench_temporal_cnn_world_unet,missing_block,0.9,20260701,360,0.699999988079071,0.7469058631505592,0.757814361492112,0.7535897510639539,0.6046081149502974,0.8066097781660478,0.7071100352834988,0.7312424041781288,0.5924041345365342
world_curve_unet,/home/guoheng/custom_simulation/WM/runs/sparse_matched_025_100_20260701/r128_wrench_temporal_cnn_world_curve_unet,missing_block,0.9,20260701,360,0.574999988079071,0.7458157981050404,0.718107419055062,0.7173572675143356,0.5592806549678503,0.7486002705796649,0.6886176526900248,0.7145614409831618,0.5726816141961955
sparse_unet,/home/guoheng/custom_simulation/WM/runs/sparse_matched_025_100_20260701/r128_wrench_temporal_cnn_sparse_unet,missing_block,0.9,20260702,360,0.7250000238418579,0.6736926577546626,0.6311376869537276,0.6292728021401166,0.4590795332015008,0.627392552636158,0.6311643554607369,0.6004528628637233,0.44753474385850084
world_unet,/home/guoheng/custom_simulation/WM/runs/sparse_matched_025_100_20260701/r128_wrench_temporal_cnn_world_unet,missing_block,0.9,20260702,360,0.699999988079071,0.7544526642060185,0.7434405352545332,0.7397861923535344,0.5870322860016389,0.7977521335748353,0.6896734224993846,0.7215635879007979,0.5805223138799586
world_curve_unet,/home/guoheng/custom_simulation/WM/runs/sparse_matched_025_100_20260701/r128_wrench_temporal_cnn_world_curve_unet,missing_block,0.9,20260702,360,0.550000011920929,0.7471524640117684,0.710526186579952,0.7104117924984773,0.5508826680997999,0.7404828019960009,0.6826878367659528,0.7093358069531006,0.5673788999543463
sparse_unet,/home/guoheng/custom_simulation/WM/runs/sparse_matched_025_100_20260701/r128_wrench_temporal_cnn_sparse_unet,missing_block,0.9,20260703,360,0.699999988079071,0.6677916993488039,0.621919756719639,0.62169875589034,0.4510615937896349,0.6110198432716968,0.6327575832170893,0.5903930109764556,0.4363726436729303
world_unet,/home/guoheng/custom_simulation/WM/runs/sparse_matched_025_100_20260701/r128_wrench_temporal_cnn_world_unet,missing_block,0.9,20260703,360,0.699999988079071,0.7522143171653033,0.7593419567480999,0.754679281148653,0.606011985285807,0.8037382744285957,0.7112647356472744,0.7363608118505977,0.5967215045290135
world_curve_unet,/home/guoheng/custom_simulation/WM/runs/sparse_matched_025_100_20260701/r128_wrench_temporal_cnn_world_curve_unet,missing_block,0.9,20260703,360,0.6000000238418579,0.7497833279624021,0.7175431628134902,0.7168100264686357,0.5586156697405921,0.7551149230415248,0.6822037143404174,0.7159283935677462,0.5738445413637353
